<core:FragmentDefinition xmlns="sap.m" xmlns:core="sap.ui.core">
	<Dialog showHeader="false" class="MasterAgreements">
		<content>
			<NavContainer width="100%" height="25em" id="AddAssetDlgNavContainer">
				<Page title="{i18n>SelectAsset}" id="AddAssetDlgPH4SelectionPage">
					<subHeader>
						<Toolbar>
							<SearchField id="AddAssetDlgPH4SearchField" search="handleAssetSearch" width="100%"/>
						</Toolbar>
					</subHeader>
					<content>
						<List id="AddAssetDlgPH4List" items="{/ProdHierarchyVHSet}" selectionChange="onAssetSelectPress">
							<items>
								<StandardListItem press="onAssetSelectPress" title="{ProductHierarchy}" description="{ProductHierarchyDesc}" type="Active"/>
							</items>
						</List>
					</content>
				</Page>
				<Page title="{i18n>SelectPriceGroup}" id="AddAssetDlgPriceGroupSelectionPage" showNavButton="true" navButtonPress="onAddAssetDlgBack">
					<subHeader>
						<Toolbar>
							<ToolbarSpacer/>
							<Label text="{i18n>ProductHierarchy} : " class="asset-text-bold"/>
							<Label text="{EditModel>/AssetProductHierarchyDescForAdd}"/>
							<ToolbarSpacer/>
						</Toolbar>
					</subHeader>
					<content>
						<Toolbar>
							<SearchField id="AddAssetDlgPriceGroupSearchField" liveChange="handlePriceGroupSearch" width="100%"/>
						</Toolbar>
						<List id="AddAssetDlgPriceGroupList" items="{path: '/PriceGroupValueHelpSet', length:5000}">
							<items>
								<StandardListItem press="onAddAssetPress" title="{PriceGroup}" description="{PriceGroupDesc}" type="Active"/>
							</items>
						</List>
					</content>
				</Page>
			</NavContainer>
		</content>
		<buttons>
			<Button text="{i18n>close}" press="handleAssetSearchClose"/>
		</buttons>
	</Dialog>
</core:FragmentDefinition>