<core:FragmentDefinition xmlns:f="sap.ui.layout.form" xmlns:l="sap.ui.layout" xmlns:core="sap.ui.core" xmlns:u="sap.ui.unified"
	xmlns:mvc="sap.ui.core.mvc" xmlns="sap.m" xmlns:uiTable="sap.ui.table">
	<Panel expandable="true" expanded="false" headerText="{i18n>AssetMgmt}" width="auto" class="borderbottoms">
		<VBox>
			<Toolbar class="OverflowClass">
				<ComboBox change="onAssetChange" id="idAssetSelect" width="25rem" showSecondaryValues="true"
					selectedKey="{EditModel>/EditableAssetSelectedKey}" visible="{= ${EditModel>/EditableAssets}.length > 0 ? true : false }"
					items="{ path: 'EditModel>/EditableAssets' }">
					<core:ListItem key="{EditModel>ProductHierarchy}" text="{EditModel>ProductHierarchyDesc}" additionalText="{EditModel>PriceGroup}"/>
				</ComboBox>
				<ToolbarSpacer/>
				<Label text="{i18n>CustomerNumber} : " class="asset-text-bold" visible="{= ${EditModel>/EditableAssets}.length > 0 ? true : false }"/>
				<Text text="{ValueFields/BusinessPartner}" visible="{= ${EditModel>/EditableAssets}.length > 0 ? true : false }"/>
				<ToolbarSpacer/>
				<Label text="{i18n>CustomerDesc} : " class="asset-text-bold" visible="{= ${EditModel>/EditableAssets}.length > 0 ? true : false }"/>
				<Text text="{TextFields/BusinessPartner}" visible="{= ${EditModel>/EditableAssets}.length > 0 ? true : false }"/>
				<ToolbarSpacer/>
				<Button text="{i18n>Add}" icon="sap-icon://add" press="handleAssetSearchDlg"/>
			</Toolbar>
			<Carousel class="sapUiContentPadding AssetViewCarousel" pages="{EditModel>/EditableAssets}" showPageIndicator="true"
				pageChanged="onAssetChange" loop="true" id="idAssetCarousel">
				<VBox class="sapUiLargeMarginEnd">
					<customData>
						<core:CustomData key="ProductHierarchy" value="{EditModel>ProductHierarchy}"/>
						<core:CustomData key="ProductHierarchyDesc" value="{EditModel>ProductHierarchyDesc}"/>
						<core:CustomData key="ChangeFlag" value="{EditModel>ChangeFlag}" writeToDom="true"/>
					</customData>
					<Toolbar class="OverflowClass">
						<ToolbarSpacer/>
						<HBox justifyContent="SpaceBetween">
							<core:Icon class="sapUiTinyMarginEnd" src="sap-icon://delete" color="red" press="onAssetDeletePress"
								visible="{= ${EditModel>ChangeFlag} !== 'D'}">
								<core:customData>
									<core:CustomData key="ProductHierarchy" value="{EditModel>ProductHierarchy}"/>
									<core:CustomData key="ProductHierarchyDesc" value="{EditModel>ProductHierarchyDesc}"/>
									<core:CustomData key="PriceGroup" value="{EditModel>PriceGroup}"/>
								</core:customData>
							</core:Icon>
							<core:Icon class="sapUiTinyMarginEnd" src="sap-icon://undo" color="black" press="onAssetDeleteUndoPress"
								visible="{= ${EditModel>ChangeFlag} === 'D'}">
								<core:customData>
									<core:CustomData key="ProductHierarchy" value="{EditModel>ProductHierarchy}"/>
									<core:CustomData key="ProductHierarchyDesc" value="{EditModel>ProductHierarchyDesc}"/>
									<core:CustomData key="PriceGroup" value="{EditModel>PriceGroup}"/>
								</core:customData>
							</core:Icon>
							<core:Icon class="sapUiTinyMarginEnd"
								src="{=${EditModel>ChangeFlag} === 'U' ? 'sap-icon://request' : ${EditModel>ChangeFlag} === 'D' ? 'sap-icon://delete' : ${EditModel>ChangeFlag} === 'N' ? 'sap-icon://add-document' : ${EditModel>ChangeFlag} === 'I' ? 'sap-icon://add-document' : ''}"
								visible="{= ${EditModel>ChangeFlag} !== 'E'}"/>
							<core:Icon class="sapUiTinyMarginEnd" src="sap-icon://error" color="red" press="handleProductErrorMessagePress" useIconTooltip="true"
								tooltip="{EditModel>Message}" visible="{= ${EditModel>ChangeFlag} === 'E' ? true : false}"/>
							<HBox class="sapUiTinyMarginEnd"></HBox>
							<core:Icon src="sap-icon://error" color="red" press="handleProductErrorMessagePress" useIconTooltip="true" tooltip="{EditModel>Message}"
								visible="false"/>
						</HBox>
					</Toolbar>
					<f:SimpleForm maxContainerCols="1" editable="true" layout="ResponsiveGridLayout" labelSpanXL="2" labelSpanL="2" labelSpanM="2"
						emptySpanXL="0" emptySpanL="0" emptySpanM="0" columnsXL="1" columnsL="1" columnsM="2" class="editableForm">
						<f:content>
							<Label text="{i18n>Field}" class="asset-text-bold"/>
							<Text text="{i18n>From}" class="asset-text-bold"/>
							<Text text="{i18n>To}" class="asset-text-bold"/>
							<Label text="{i18n>ProductHierarchyDesc}"/>
							<Input value="{EditModel>Delta/ProductHierarchyDesc}" class="line-through-ondelete" enabled="false"/>
							<Input value="{EditModel>ProductHierarchyDesc}" class="line-through-ondelete" enabled="false"/>
							<Label text="{i18n>PriceGroup}" required="{= ${EditModel>ChangeFlag} === 'N'? true: false}"/>
							<ComboBox class="line-through-ondelete" enabled="false" showSecondaryValues="true" selectedKey="{EditModel>Delta/PriceGroup}"
								items="{ path: '/PriceGroupValueHelpSet', templateShareable : true }">
								<core:ListItem key="{PriceGroup}" text="{PriceGroupDesc}" additionalText="{PriceGroup}"/>
							</ComboBox>
							<ComboBox class="line-through-ondelete" showSecondaryValues="true" selectedKey="{EditModel>PriceGroup}" enabled="false"
								valueState="{EditModel>PriceGroupState}" change="clearInputErrorState" items="{ path: '/PriceGroupValueHelpSet', templateShareable : true }">
								<core:ListItem key="{PriceGroup}" text="{PriceGroupDesc}" additionalText="{PriceGroup}"/>
							</ComboBox>
							<Label text="{i18n>Rate}"/>
							<HBox>
								<Input value="{EditModel>Delta/Rate}" type="Number" enabled="false"/>
								<Label text="" class="maLabelIsChPending" visible="{EditModel>IsChPending}" tooltip="{i18n>upcomingrate}"/>
							</HBox>
							<Input value="{EditModel>Rate}" type="Number" required="{= ${EditModel>ChangeFlag} !== 'D'}" valueState="{EditModel>RateState}"
								liveChange="clearInputErrorState" enabled="{= ${EditModel>ChangeFlag} !== 'D'}"/>
							<Label text="{i18n>Terms}"/>
							<Input value="{EditModel>Delta/Terms}" type="Number" enabled="false"/>
							<Input value="{EditModel>Terms}" type="Number" required="{= ${EditModel>ChangeFlag} !== 'D'}" valueState="{EditModel>TermsState}"
								liveChange="clearInputErrorState" enabled="{= ${EditModel>ChangeFlag} !== 'D'}"/>
							<Label text="{i18n>MPPRAmount}"/>
							<Input value="{path:'EditModel>Delta/MPPRAmount'}" type="Number" enabled="false"/>
							<Input value="{path:'EditModel>MPPRAmount'}" type="Number" required="{= ${EditModel>ChangeFlag} !== 'D'}"
								valueState="{EditModel>MPPRAmountState}" liveChange="clearInputErrorState" enabled="{= ${EditModel>ChangeFlag} !== 'D'}"/>
							<Label text="{i18n>FreeLoads}"/>
							<Input value="{EditModel>Delta/FreeLoads}" enabled="false"/>
							<Input value="{EditModel>FreeLoads}" type="Number" required="{= ${EditModel>ChangeFlag} !== 'D'}" valueState="{EditModel>FreeLoadsState}"
								liveChange="clearInputErrorState" enabled="{= ${EditModel>ChangeFlag} !== 'D'}"/>
							<Label text="{i18n>ExcessRackCharge}"/>
							<Input value="{path:'EditModel>Delta/ExcessRackCharge'}" enabled="false"/>
							<Input value="{path:'EditModel>ExcessRackCharge'}" type="Number" required="{= ${EditModel>ChangeFlag} !== 'D'}"
								valueState="{EditModel>ExcessRackChargeState}" liveChange="clearInputErrorState" enabled="{= ${EditModel>ChangeFlag} !== 'D'}"/>
							<Label text="{i18n>CorpSign}" required="{= ${EditModel>ChangeFlag} !== 'D'}"/>
							<Switch customTextOn="{i18n>Yes}" customTextOff="{i18n>No}" state="{EditModel>Delta/CorpSign}" enabled="false"></Switch>
							<Switch customTextOn="{i18n>Yes}" customTextOff="{i18n>No}" state="{EditModel>CorpSign}" enabled="{= ${EditModel>ChangeFlag} !== 'D'}"></Switch>
							<Label text="{i18n>QSROptions}"/>
							<ComboBox items="{path: 'DropdownModel>/LegalAgreement',templateShareable : true }" selectedKey="{EditModel>Delta/LegalAgreement}" enabled="false">
								<core:Item key="{DropdownModel>Key}" text="{DropdownModel>Value}"/>
							</ComboBox>
							<ComboBox items="{path: 'DropdownModel>/LegalAgreement',templateShareable : true }" selectedKey="{EditModel>LegalAgreement}"
								change="clearInputErrorState" enabled="{= ${EditModel>ChangeFlag} !== 'D'}">
								<core:Item key="{DropdownModel>Key}" text="{DropdownModel>Value}"/>
							</ComboBox>
							<!--<Switch customTextOn="{i18n>Yes}" customTextOff="{i18n>No}" state="{EditModel>Delta/LegalAgreement}" enabled="false"></Switch>
							<Switch customTextOn="{i18n>Yes}" customTextOff="{i18n>No}" state="{EditModel>LegalAgreement}" enabled="{= ${EditModel>ChangeFlag} !== 'D'}"></Switch>-->
							<Label text="{i18n>BillingDay}"/>
							<ComboBox items="{path: 'DropdownModel>/BillingDay',templateShareable : true }" selectedKey="{EditModel>Delta/BillingDay}" enabled="false">
								<core:Item key="{DropdownModel>Key}" text="{DropdownModel>Value}"/>
							</ComboBox>
							<ComboBox items="{path: 'DropdownModel>/BillingDay',templateShareable : true }" selectedKey="{EditModel>BillingDay}"
								valueState="{EditModel>BillingDayState}" change="clearInputErrorState" enabled="{= ${EditModel>ChangeFlag} !== 'D'}">
								<core:Item key="{DropdownModel>Key}" text="{DropdownModel>Value}"/>
							</ComboBox>
							<Label text="{i18n>BillingFrequency}"/>
							<ComboBox items="{path: 'DropdownModel>/BillingFrequency',templateShareable : true }" selectedKey="{EditModel>Delta/BillingFrequency}"
								enabled="false">
								<core:Item key="{DropdownModel>Key}" text="{DropdownModel>Value}"/>
							</ComboBox>
							<ComboBox items="{path: 'DropdownModel>/BillingFrequency',templateShareable : true }" required="{= ${EditModel>ChangeFlag} !== 'D'}"
								selectedKey="{EditModel>BillingFrequency}" valueState="{EditModel>BillingFrequencyState}" change="clearInputErrorState"
								enabled="{= ${EditModel>ChangeFlag} !== 'D'}">
								<core:Item key="{DropdownModel>Key}" text="{DropdownModel>Value}"/>
							</ComboBox>
							<Label text="{i18n>EligibleFOCPeriods}" required="{= ${EditModel>ChangeFlag} !== 'D'}"/>
							<Switch state="{EditModel>Delta/EligibleFOCPeriods}" customTextOn="{i18n>Yes}" customTextOff="{i18n>No}" enabled="false"></Switch>
							<Switch state="{EditModel>EligibleFOCPeriods}" customTextOn="{i18n>Yes}" customTextOff="{i18n>No}"
								enabled="{= ${EditModel>ChangeFlag} !== 'D'}"></Switch>
							<Label text="{i18n>AgreementMachOnly}"/>
							<Switch state="{EditModel>Delta/AgreementMachOnly}" customTextOn="{i18n>Yes}" customTextOff="{i18n>No}" enabled="false"></Switch>
							<Switch state="{EditModel>AgreementMachOnly}" customTextOn="{i18n>Yes}" customTextOff="{i18n>No}"
								enabled="{= ${EditModel>ChangeFlag} !== 'D'}"></Switch>
							<Label text="{i18n>SpecialInstructions}"/>
							<Switch state="{EditModel>Delta/SpecialInstructions}" customTextOn="{i18n>Yes}" customTextOff="{i18n>No}" enabled="false"></Switch>
							<Switch state="{EditModel>SpecialInstructions}" customTextOn="{i18n>Yes}" customTextOff="{i18n>No}"
								enabled="{= ${EditModel>ChangeFlag} !== 'D'}"></Switch>
							<Label text="{i18n>SecurityDeposit}"/>
							<Switch state="{EditModel>Delta/SecurityDeposit}" customTextOn="{i18n>Yes}" customTextOff="{i18n>No}" enabled="false"></Switch>
							<Switch state="{EditModel>SecurityDeposit}" customTextOn="{i18n>Yes}" customTextOff="{i18n>No}"
								enabled="{= ${EditModel>ChangeFlag} !== 'D'}"></Switch>
						</f:content>
					</f:SimpleForm>
				</VBox>
			</Carousel>
		</VBox>
	</Panel>
</core:FragmentDefinition>