<core:FragmentDefinition xmlns:f="sap.ui.layout.form" xmlns:l="sap.ui.layout" xmlns:core="sap.ui.core" xmlns:u="sap.ui.unified"
	xmlns:mvc="sap.ui.core.mvc" xmlns="sap.m" xmlns:uiTable="sap.ui.table" xmlns:ct="com.ecolab.ZASBMasterAgr.custom">
	<ct:UploadCollection id="idMAAtchmntsUploadCollection" fileType="jpg,txt,ppt,doc,docx,xls,jpeg,xlsx,pdf,png,pptx,msg" items="{/AttachmentSet}"
		uploadButtonInvisible="false" noDataText="{i18n>NoAttachments}" noDataDescription="{i18n>NoAttachmentsDesc}">
		<ct:toolbar>
			<OverflowToolbar>
				<ToolbarSpacer/>
				<u:FileUploader name="ApprovalAttachmentUpload" buttonText="{i18n>AddAttachment}" sameFilenameAllowed="false" change="onUploadChange"
					uploadAborted="onUploadAborted" uploadComplete="onAprvalAtchmntsUploadComplete" typeMissmatch="onTypeMissMatch" useMultipart="false"
					fileType="jpg,txt,ppt,doc,docx,xls,jpeg,xlsx,pdf,png,pptx,msg" buttonOnly="true"/>
			</OverflowToolbar>
		</ct:toolbar>
		<ct:items>
			<ct:UploadCollectionItem press="onShowFileContent" documentId="{FileID}" fileName="{FileName}" mimeType="{MimeType}" visibleDelete="true"
				deletePress="onAttachmentDeletePress" visibleEdit="false">
				<ct:attributes>
					<ObjectAttribute title="{UploadedBy}"
						text="{path: 'UploadedAt', type: 'sap.ui.model.type.DateTime', formatOptions: {pattern: 'dd MMM yyyy', UTC: true}}"/>
				</ct:attributes>
			</ct:UploadCollectionItem>
		</ct:items>
	</ct:UploadCollection>
</core:FragmentDefinition>