<core:FragmentDefinition xmlns="sap.m" xmlns:commons="sap.ui.commons" xmlns:core="sap.ui.core" xmlns:l="sap.ui.layout"
	xmlns:f="sap.ui.layout.form">
	<Dialog title="{i18n>SelectCustomer}" contentHeight="600px">
		<content>
			<VBox>
				<SearchField id="idCustomerNumber" placeholder="{i18n>Customer}" search="onCustomerVHSearch"></SearchField>
				<SearchField id="idCustomerDesc" placeholder="{i18n>CustomerDescp}" search="onCustomerVHSearch"></SearchField>
				<Select id="idCountry" items="{path:'CountryModel>/FieldProperties/KeyValueSet/results/'}" change="onCustomerVHSearch" width="25rem"
					selectedKey="{CountryModel>/SelectedCountry}">
					<items>
						<core:Item key="{CountryModel>Key}" text="{CountryModel>Value}"/>
					</items>
				</Select>
			</VBox>
			<List id="idCustomerList" growingThreshold="20" selectionChange="onCustomerVHConfirm" includeItemInSelection="false"
				enableBusyIndicator="true" mode="{= ${device>/system/phone} ? 'None' : 'SingleSelectMaster'}" rememberSelections="false" growing="true"
				growingScrollToLoad="true"></List>
		</content>
		<buttons>
			<Button text="{i18n>Cancel}" press="onCustomerVHCancelPress"/>
		</buttons>
	</Dialog>
</core:FragmentDefinition>