<core:FragmentDefinition xmlns:f="sap.ui.layout.form" xmlns:l="sap.ui.layout" xmlns:core="sap.ui.core" xmlns:u="sap.ui.unified"
	xmlns:mvc="sap.ui.core.mvc" xmlns="sap.m" xmlns:uiTable="sap.ui.table" xmlns:custom="com.ecolab.ZASBMasterAgr.custom">
	<Panel expandable="true" expanded="false" headerText="{i18n>DiscountOffList}" width="auto">
		<content>
			<uiTable:Table selectionMode="None" class="EditableDiscountOffSet" rows="{EditModel>/EditableDiscountOffSet}" visibleRowCount="5"
				id="DiscountOffTable">
				<uiTable:extension>
					<HBox justifyContent="End">
						<Button text="{i18n>Add}" icon="sap-icon://add" press="onAddDiscountOffPress"/>
					</HBox>
				</uiTable:extension>
				<uiTable:columns>
					<uiTable:Column width="25%">
						<uiTable:multiLabels>
							<Label text="{i18n>ConditionType}"/>
						</uiTable:multiLabels>
						<uiTable:template>
							<ComboBox width="100%" valueState="{EditModel>ConditionKeyState}"
								items="{path: 'ConditionModel>/DiscountOff/FieldProperties/KeyValueSet/results/', templateShareable:true}"
								selectedKey="{EditModel>ConditionKey}" selectionChange="onDiscountsOffConditionType"
								enabled="{= ${EditModel>ChangeFlag} === 'N'? true : false}">
								<core:Item key="{ConditionModel>Key}" text="{ConditionModel>Value}"/>
								<customData>
									<core:CustomData key="deleted" value="{= ${EditModel>ChangeFlag} === 'D'? 'yes' : 'no'}" writeToDom="true"/>
								</customData>
							</ComboBox>
						</uiTable:template>
					</uiTable:Column>
					<uiTable:Column width="19%">
						<uiTable:multiLabels>
							<Label text="{i18n>SoldToDescription}"/>
						</uiTable:multiLabels>
						<uiTable:template>
							<VBox>
								<Text text="{path:'EditModel>CustomerNumber',formatter:'.formatter.trimLeadingZerosSubstr'}" visible="{=!${EditModel>CustomerEditable}}">
									<customData>
										<core:CustomData key="deleted" value="{=${EditModel>ChangeFlag} === 'D' ? 'yes' : 'no'}" writeToDom="true"/>
									</customData>
								</Text>
								<Input valueState="{EditModel>CustomerNumberState}" value="{EditModel>CustomerNumber}" visible="{EditModel>CustomerEditable}"
									showValueHelp="true" valueHelpRequest="onCustomerVHPress" change="onCustomerNumberChange">
									<customData>
										<core:CustomData key="flag" value="DiscountsOffCustomer"/>
									</customData>
								</Input>
								<Text text="{EditModel>CustomerDesc}" visible="{=!${EditModel>CustomerEditable}}">
									<customData>
										<core:CustomData key="deleted" value="{=${EditModel>ChangeFlag} === 'D' ? 'yes' : 'no'}" writeToDom="true"/>
									</customData>
								</Text>
							</VBox>
						</uiTable:template>
					</uiTable:Column>
					<uiTable:Column width="19%">
						<uiTable:multiLabels>
							<Label text="{i18n>MaterialPriceGroupDesc}"/>
						</uiTable:multiLabels>
						<uiTable:template>
							<VBox visible="{= ${EditModel>ConditionKey} === 'Z1PD657' ? true : false}">
								<custom:ComboBox id="discountsOffPriceGroupControl" showSecondaryValues="true" selectedKey="{EditModel>PriceGroup}"
									valueState="{EditModel>PriceGroupState}" change="checkDuplicateDiscountOff" enabled="{= ${EditModel>PriceGroup} === '' ? true : false }"
									items="{ path: 'DropdownModel>/PriceGroup', templateShareable : true }">
									<core:ListItem key="{DropdownModel>Key}" text="{DropdownModel>Value}" additionalText="{DropdownModel>Key}"/>
								</custom:ComboBox>
							</VBox>
						</uiTable:template>
					</uiTable:Column>
					<uiTable:Column width="19%">
						<uiTable:multiLabels>
							<Label text="{i18n>MaterialDescription}"/>
						</uiTable:multiLabels>
						<uiTable:template>
							<VBox visible="{= ${EditModel>ConditionKey} === 'Z1PD758' ? true : false}">
								<Text text="{EditModel>MaterialNumber}" visible="{=!${EditModel>MaterialEditable}}">
									<customData>
										<core:CustomData key="deleted" value="{=${EditModel>ChangeFlag} === 'D' ? 'yes' : 'no'}" writeToDom="true"/>
									</customData>
								</Text>
								<Input valueState="{EditModel>MaterialNumberState}" value="{EditModel>MaterialNumber}" visible="{EditModel>MaterialEditable}"
									showValueHelp="true" change="onMaterialNumberChange" valueHelpRequest="onEditProductsMaterialVHPress">
									<customData>
										<core:CustomData key="flag" value="DiscountsOffMN"/>
									</customData>
								</Input>
								<Text text="{EditModel>MaterialDesc}" visible="{=!${EditModel>MaterialEditable}}">
									<customData>
										<core:CustomData key="deleted" value="{=${EditModel>ChangeFlag} === 'D' ? 'yes' : 'no'}" writeToDom="true"/>
									</customData>
								</Text>
							</VBox>
						</uiTable:template>
					</uiTable:Column>
					<uiTable:Column headerSpan='2,1' width="7%">
						<uiTable:multiLabels >
							<Label text="{i18n>DiscountsRate}" textAlign="Center" width="100%"/>
							<Label text="{i18n>Old}" textAlign="Center" width="100%"/>
						</uiTable:multiLabels>
						<uiTable:template>
							<Text text="{=${EditModel>Currency} === 'USD' ? '$' : ${EditModel>Currency} === 'CAD' ? 'C$' : ${Currency}} {EditModel>OldRate} "
								textAlign="Center">
								<customData>
									<core:CustomData key="deleted" value="{=${EditModel>ChangeFlag} === 'D' ? 'yes' : 'no'}" writeToDom="true"/>
								</customData>
							</Text>
						</uiTable:template>
					</uiTable:Column>
					<uiTable:Column width="7%">
						<uiTable:multiLabels>
							<Label text="{i18n>DiscountsRate}"/>
							<Label text="{i18n>New}" textAlign="Center" width="100%"/>
						</uiTable:multiLabels>
						<uiTable:template>
							<Input valueState="{EditModel>RateState}" value="{path:'EditModel>Rate'}" type="Number"
								enabled="{= ${EditModel>ChangeFlag} === 'D'? false : true}" change="clearInputErrorState" liveChange="limitDiscountOffRateValue">
								<customData>
									<core:CustomData key="flag" value="RateFlag"/>
								</customData>
							</Input>
						</uiTable:template>
					</uiTable:Column>
					<uiTable:Column width="1%" hAlign="Center">
						<uiTable:multiLabels>
							<Label text=""/>
						</uiTable:multiLabels>
						<uiTable:template >
							<HBox justifyContent="SpaceBetween">
								<core:Icon class="sapUiTinyMarginEnd" src="sap-icon://delete" color="red" press="onLineDeletePress"
									visible="{= ${EditModel>ChangeFlag} !== 'D'}">
									<core:customData>
										<core:CustomData key="table" value="DiscountOff"/>
										<core:CustomData key="path" value="/EditableDiscountOffSet"/>
									</core:customData>
								</core:Icon>
								<core:Icon class="sapUiTinyMarginEnd" src="sap-icon://undo" color="black" press="onDiscountsOffUndoPress"
									visible="{= ${EditModel>ChangeFlag} === 'D'}"></core:Icon>
								<core:Icon class="sapUiTinyMarginEnd"
									src="{=${EditModel>ChangeFlag} === 'U' ? 'sap-icon://request' : ${EditModel>ChangeFlag} === 'D' ? 'sap-icon://delete' : ${EditModel>ChangeFlag} === 'N' ? 'sap-icon://add-document' : ${EditModel>ChangeFlag} === 'I' ? 'sap-icon://add-document' : ''}"
									visible="{= ${EditModel>ChangeFlag} !== 'E'}"/>
								<core:Icon class="sapUiTinyMarginEnd" src="sap-icon://error" color="red" press="handleDiscountsOffErrorMessagePress" useIconTooltip="true"
									tooltip="{EditModel>Message}" visible="{= ${EditModel>ChangeFlag} === 'E' ? true : false}"/>
							</HBox>
						</uiTable:template>
					</uiTable:Column>
				</uiTable:columns>
				<uiTable:customData>
					<core:CustomData key="table" value="DiscountOff"/>
				</uiTable:customData>
			</uiTable:Table>
		</content>
	</Panel>
</core:FragmentDefinition>