<core:FragmentDefinition xmlns:f="sap.ui.layout.form" xmlns:l="sap.ui.layout" xmlns:core="sap.ui.core" xmlns:u="sap.ui.unified"
	xmlns:mvc="sap.ui.core.mvc" xmlns="sap.m" xmlns:uiTable="sap.ui.table">
	<Panel id="DistributorBuyPricePanel" expandable="true" expanded="false" headerText="{i18n>DistributorBuyPrice}" width="auto"
		class="borderbottoms sapUiSizeCompact EditProductsTable">
		<uiTable:Table selectionMode="None" rows="{EditModel>/EditableDistBuyPrice}" visibleRowCount="10" id="DistributorBuyPrice">
			<uiTable:extension>
				<HBox alignItems="Center" justifyContent="End">
					<u:FileUploader class="sapUiTinyMarginTop" id="idDistBuyPriceFileUploader" name="cidFileUpload" buttonText="{i18n>UPLOAD}" sameFilenameAllowed="true"
						tooltip="{i18n>IMPORT_FROM_EXCEL_BTN_TOOLTIP}" change="onDistBuyPriceUpload" uploadComplete="onProductUploadComplete"
						typeMissmatch="onTypeMissmatch" useMultipart="true" fileType="xls,xlsx" icon="sap-icon://upload" buttonOnly="true" maximumFileSize="5"
						fileSizeExceed="onFileSizeExceed"/>
					<Button class="productAddBtn" text="{i18n>Add}" icon="sap-icon://add" press="onAddDistBuyPricePress"/>
				</HBox>
			</uiTable:extension>
			<uiTable:columns>
				<uiTable:Column showSortMenuEntry="true" sortProperty="EditModel>DistributorNumber" width="6.88rem">
					<uiTable:multiLabels>
						<Label text="{i18n>Distributor}"/>
					</uiTable:multiLabels>
					<uiTable:template>
						<VBox>
						<Text text="{ path:'EditModel>DistributorNumber',formatter:'.formatter.trimLeadingZerosSubstr'}" 
						visible="{=!${EditModel>DistributorEditable}}" class="sapUiNoMarginEnd">
							<customData>
								<core:CustomData key="deleted" value="{=${EditModel>DistBuyPriceDeleted} ? 'yes' : 'no'}" writeToDom="true"/>
							</customData>
						</Text>
						<Input valueState="{EditModel>DistributorNumberState}" value="{EditModel>DistributorNumber}" 
							visible="{EditModel>DistributorEditable}"
								showValueHelp="true" valueHelpRequest="onCustomerVHPress" change="onCustomerNumberChange"
								width="6rem">
								<customData>
									<core:CustomData key="flag" value="DistBuyPrice" writeToDom="true"/>
								</customData>
							</Input>
						
						</VBox>
					</uiTable:template>
				</uiTable:Column>
				<uiTable:Column showSortMenuEntry="true" sortProperty="EditModel>DistributorDesc">
					<uiTable:multiLabels>
						<Label text="{i18n>DistributorDesc}"/>
					</uiTable:multiLabels>
					<uiTable:template>
						<Text text="{EditModel>DistributorDesc}">
							<customData>
								<core:CustomData key="deleted" value="{=${EditModel>DistBuyPriceDeleted} ? 'yes' : 'no'}" writeToDom="true"/>
							</customData>
						</Text>
					</uiTable:template>
				</uiTable:Column>
				<uiTable:Column sortProperty="EditModel>MaterialNumber" showSortMenuEntry="true" width="6.8rem">
					<uiTable:multiLabels>
						<Label text="{i18n>MaterialNum}"/>
					</uiTable:multiLabels>
					<uiTable:template>
						<HBox class="allowProduct">
							<Text text="{EditModel>MaterialNumber}" visible="{=!${EditModel>MaterialEditable}}" class="sapUiNoMarginEnd">
								<customData>
									<core:CustomData key="deleted" value="{=${EditModel>DistBuyPriceDeleted} ? 'yes' : 'no'}" writeToDom="true"/>
								</customData>
							</Text>
							<Input valueState="{EditModel>MaterialNumberStatus}" value="{EditModel>MaterialNumber}" visible="{EditModel>MaterialEditable}"
								showValueHelp="true" width="6rem"
								change="onMaterialNumberChange" valueHelpRequest="onEditProductsMaterialVHPress">
								<customData>
									<core:CustomData key="flag" value="DistBuyPriceMN" writeToDom="true"/>
								</customData>
							</Input>
						</HBox>
					</uiTable:template>
				</uiTable:Column>
				<uiTable:Column sortProperty="EditModel>MaterialDesc" showSortMenuEntry="true">
					<uiTable:multiLabels>
						<Label text="{i18n>Description}"/>
					</uiTable:multiLabels>
					<uiTable:template>
						<Text text="{EditModel>MaterialDesc}">
							<customData>
								<core:CustomData key="deleted" value="{=${EditModel>DistBuyPriceDeleted} ? 'yes' : 'no'}" writeToDom="true"/>
							</customData>
						</Text>
					</uiTable:template>
				</uiTable:Column>
				
				<uiTable:Column minWidth="4rem" width="4rem" hAlign="Center" sortProperty="EditModel>DivisionDesc" showSortMenuEntry="true">
					<uiTable:multiLabels>
						<Label text="{i18n>DivisionDesc}"/>
					</uiTable:multiLabels>
					<uiTable:template>
						<HBox justifyContent="Center">
							<Text text="{EditModel>DivisionDesc}"></Text>
						</HBox>
					</uiTable:template>
				</uiTable:Column>
				<uiTable:Column headerSpan='2,1' width="6rem" hAlign="Center">
					<uiTable:multiLabels >
						<Label text="{i18n>Rate}" textAlign="Center" width="100%"/>
						<Label text="{i18n>Old}" textAlign="Center" width="100%"/>
					</uiTable:multiLabels>
					<uiTable:template>
						<HBox>
							<Label text="{=${EditModel>Currency} === 'USD' ? '$' : ${EditModel>Currency} === 'CAD' ? 'C$' : ${Currency}} {EditModel>OldRate} "
								textAlign="Center" class="maLabelIsChPending" visible="{EditModel>IsChPending}" tooltip="{i18n>upcomingrate}">
								<customData>
									<core:CustomData key="deleted" value="{=${EditModel>DistBuyPriceDeleted} ? 'yes' : 'no'}" writeToDom="true"/>
								</customData>
							</Label>
							<Text text="{=${EditModel>Currency} === 'USD' ? '$' : ${EditModel>Currency} === 'CAD' ? 'C$' : ${Currency}} {EditModel>OldRate} "
								textAlign="Center" visible="{= ${EditModel>IsChPending} ? false : true}">
								<customData>
									<core:CustomData key="deleted" value="{=${EditModel>DistBuyPriceDeleted} ? 'yes' : 'no'}" writeToDom="true"/>
								</customData>
							</Text>
						</HBox>
					</uiTable:template>
				</uiTable:Column>
				<uiTable:Column width="6rem">
					<uiTable:multiLabels>
						<Label text="{i18n>Rate}"/>
						<Label text="{i18n>New}" textAlign="Center" width="100%"/>
					</uiTable:multiLabels>
					<uiTable:template>
						<Input valueState="{= ${EditModel>ValidRate} ? 'None' : 'Error'}" value="{path:'EditModel>NewRate'}" type="Number" change="onLineChange"
							enabled="{= ${EditModel>DistBuyPriceChanged} === 'D'? false : true}">
							<customData>
								<core:CustomData key="flag" value="RateFlag"/>
							</customData>
						</Input>
					</uiTable:template>
				</uiTable:Column>
				<uiTable:Column headerSpan='2,1' width="4rem" hAlign="Center">
					<uiTable:multiLabels >
						<Label text="{i18n>Per}" textAlign="Center" width="100%"/>
						<Label text="{i18n>Old}" textAlign="Center" width="100%"/>
					</uiTable:multiLabels>
					<uiTable:template>
						<Text text="{EditModel>OldPer}" textAlign="Center">
							<customData>
								<core:CustomData key="deleted" value="{=${EditModel>DistBuyPriceDeleted} ? 'yes' : 'no'}" writeToDom="true"/>
							</customData>
						</Text>
					</uiTable:template>
				</uiTable:Column>
				<uiTable:Column width="4rem">
					<uiTable:multiLabels>
						<Label text="{i18n>Per}"/>
						<Label text="{i18n>New}" textAlign="Center" width="100%"/>
					</uiTable:multiLabels>
					<uiTable:template>
						<Input valueState="{EditModel>NewPerStatus}" value="{EditModel>NewPer}" change="onLineChange"
							enabled="{= ${EditModel>DistBuyPriceChanged} === 'D'? false : true}">
							<customData>
								<core:CustomData key="flag" value="PerFlag"/>
							</customData>
						</Input>
					</uiTable:template>
				</uiTable:Column>
				<uiTable:Column width="8rem" hAlign="Center">
					<uiTable:multiLabels>
						<Label text=""/>
					</uiTable:multiLabels>
					<uiTable:template >
						<HBox justifyContent="SpaceBetween">
							<core:Icon src="sap-icon://delete" color="red" press="onLineDeletePress" visible="{= ${EditModel>DistBuyPriceChanged} !== 'D'}">
								<core:customData>
									<core:CustomData key="table" value="DistributorBuyPrice"/>
									<core:CustomData key="path" value="/EditableDistBuyPrice"/>
								</core:customData>
							</core:Icon>
							<core:Icon src="sap-icon://undo" color="black" press="onDistributorBuyPriceDeleteUndoPress" visible="{= ${EditModel>DistBuyPriceChanged} === 'D'}"/>
							<core:Icon
								src="{=${EditModel>DistBuyPriceChanged} === 'U' ? 'sap-icon://request' : ${EditModel>DistBuyPriceChanged} === 'D' ? 'sap-icon://delete' : ${EditModel>DistBuyPriceChanged} === 'N' ? 'sap-icon://add-document' : ${EditModel>DistBuyPriceChanged} === 'I' ? 'sap-icon://add-document' : ''}"
								visible="{= ${EditModel>DistBuyPriceChanged} !== 'E'}"/>
							<core:Icon src="sap-icon://error" color="red" press="handleMessagePress" useIconTooltip="true" tooltip="{EditModel>Message}"
								visible="{= ${EditModel>ChangeFlag} === 'E' ? true : false}"/>
						</HBox>
					</uiTable:template>
				</uiTable:Column>
			</uiTable:columns>
			<uiTable:customData>
				<core:CustomData key="table" value="DistributorBuyPrice"/>
			</uiTable:customData>
		</uiTable:Table>
	</Panel>
</core:FragmentDefinition>