<core:FragmentDefinition xmlns="sap.m" xmlns:core="sap.ui.core">
	<Column hAlign="Begin" width="15rem" popinDisplay="Inline" demandPopin="true">
		<Label text="EBS Name"/>
	</Column>
	<Column hAlign="Center" width="6rem" popinDisplay="Inline" demandPopin="true" minScreenWidth="Tablet">
		<Label text="Portfolio ID"/>
	</Column>
	<Column hAlign="Center" width="6rem" popinDisplay="Inline" demandPopin="true" minScreenWidth="Tablet">
		<Label text="Hierarchy Type"/>
	</Column>
	<Column hAlign="Center" width="6rem" popinDisplay="Inline" demandPopin="true">
		<Label text="Workday ID"/>
	</Column>
	<Column hAlign="Center" width="6rem" popinDisplay="Inline" demandPopin="true">
		<Label text="EBS ID"/>
	</Column>
	<Column hAlign="Center" width="6rem" popinDisplay="Inline" demandPopin="true">
        <Label text="Sales Org"/>
    </Column>
</core:FragmentDefinition>