<core:FragmentDefinition xmlns="sap.m" xmlns:core="sap.ui.core">
	<TableSelectDialog title="{i18n>SearchEBSOwner}"  id="idebsOwnerList" growingThreshold="2000" search="handleEBSOwnerSearch" confirm="handleEBSOwnerConfirm"
	items="{path: '/PortfolioSet'}">
		<columns>
			<core:Fragment fragmentName="com.ecolab.ZASBMasterAgr.fragment.edit.EbsOwnerValueHelpColumns" type="XML"></core:Fragment>
		</columns>
		<items>
			<core:Fragment fragmentName="com.ecolab.ZASBMasterAgr.fragment.edit.EbsOwnerValueHelpRows" type="XML"></core:Fragment>
		</items>
	</TableSelectDialog>
</core:FragmentDefinition>