<core:FragmentDefinition xmlns:f="sap.ui.layout.form" xmlns:l="sap.ui.layout" xmlns:core="sap.ui.core" xmlns:u="sap.ui.unified"
	xmlns:mvc="sap.ui.core.mvc" xmlns="sap.m" xmlns:uiTable="sap.ui.table">
	<Panel id="idFlatFeeTable" expandable="true" expanded="false" headerText="{i18n>FlatFee}" width="auto"
		class="borderbottoms EditProductsTable sapUiSizeCompact">
		<uiTable:Table selectionMode="None" rows="{EditModel>/EditableFlatFee}" visibleRowCount="5" id="EditFlatFeeTable">
			<uiTable:extension>
				<HBox justifyContent="End">
					<Button text="{i18n>Add}" icon="sap-icon://add" press="onAddFlatFeePress"/>
				</HBox>
			</uiTable:extension>
			<uiTable:columns>
				<uiTable:Column>
					<uiTable:multiLabels>
						<Label text="{i18n>ConditionType}"/>
					</uiTable:multiLabels>
					<uiTable:template>
						<ComboBox valueState="{EditModel>ConditionKeyState}" items="{ConditionModel>/FlatFee/FieldProperties/KeyValueSet/results/}"
							selectedKey="{EditModel>ConditionKey}" selectionChange="onConditionType" enabled="{= ${EditModel>ConditionKey} === ''? true : false}">
							<core:Item key="{ConditionModel>Key}" text="{ConditionModel>Value}"/>
							<customData>
								<core:CustomData key="flag" value="FlatConditionTypeFlag"/>
							</customData>
						</ComboBox>
					</uiTable:template>
				</uiTable:Column>
				<uiTable:Column width="8rem">
					<uiTable:label>
						<Label text="{i18n>SoldToNum}" wrapping="true"/>
					</uiTable:label>
					<uiTable:template>
						<VBox>
							<Text text="{EditModel>CustomerNumber}" visible="{=!${EditModel>CustomerEditable}}">
								<customData>
									<core:CustomData key="deleted" value="{=${EditModel>FlatFeeDeleted} ? 'yes' : 'no'}" writeToDom="true"/>
								</customData>
							</Text>
							<Input valueState="{EditModel>CustomerNumberState}" value="{EditModel>CustomerNumber}" visible="{EditModel>CustomerEditable}"
								showValueHelp="true" change="onCustomerNumberChange" valueHelpRequest="onCustomerVHPress" enabled="{=${EditModel>FlatFeeEnable}}">
								<customData>
									<core:CustomData key="flag" value="FlatFeeCustomer"/>
								</customData>
							</Input>
							<Text text="{EditModel>CustomerDesc}" visible="{=!${EditModel>CustomerEditable}}">
								<customData>
									<core:CustomData key="deleted" value="{=${EditModel>FlatFeeDeleted} ? 'yes' : 'no'}" writeToDom="true"/>
								</customData>
							</Text>
						</VBox>
					</uiTable:template>
				</uiTable:Column>
				<uiTable:Column width="10rem">
					<uiTable:multiLabels>
						<Label text="{i18n>ProgramTypeDescription}" wrapping="true"/>
					</uiTable:multiLabels>
					<uiTable:template>
						<HBox class="allowProduct">
							<Text text="{EditModel>ProgramTypeDesc}" visible="{=!${EditModel>ProgramTypeDescEditable}}">
								<customData>
									<core:CustomData key="deleted" value="{=${EditModel>FlatFeeDeleted} ? 'yes' : 'no'}" writeToDom="true"/>
								</customData>
							</Text>
							<Input valueState="{EditModel>ProgramTypeDescState}" value="{EditModel>ProgramTypeDesc}" visible="{=${EditModel>ProgramTypeDescEditable}}" showValueHelp="true"
								valueHelpRequest="onProgramTypeVHPress" enabled="{=${EditModel>ProgramTypeDescEnable}}"></Input>
						</HBox>
					</uiTable:template>
				</uiTable:Column>
				<uiTable:Column headerSpan='2,1' width="4rem" hAlign="Center">
					<uiTable:multiLabels>
						<Label text="{i18n>BillingDay}"/>
						<Label text="{i18n>Old}" textAlign="Center" width="100%"/>
					</uiTable:multiLabels>
					<uiTable:template>
						<Text text="{EditModel>BillingDayOld}">
							<customData>
								<core:CustomData key="deleted" value="{=${EditModel>FlatFeeDeleted} ? 'yes' : 'no'}" writeToDom="true"/>
							</customData>
						</Text>
					</uiTable:template>
				</uiTable:Column>
				<uiTable:Column width="6rem" hAlign="Center">
					<uiTable:multiLabels>
						<Label text="{i18n>BillingDay}"/>
						<Label text="{i18n>New}" textAlign="Center" width="100%"/>
					</uiTable:multiLabels>
					<uiTable:template>
						<HBox class="allowProduct">
							<ComboBox items="{path: 'DropdownModel>/BillingDay',templateShareable : true }" valueState="{EditModel>BillingDayState}"
								selectedKey="{EditModel>BillingDay}" change="onLineChange"
								enabled="{= (${EditModel>ConditionKey} === 'Z1MP668' || ${EditModel>ConditionKey} === 'ZFTP668')? (${EditModel>FlatFeeChanged} !== 'D'? true: false):false}">
								<core:Item key="{DropdownModel>Key}" text="{DropdownModel>Value}"/>
								<customData>
									<core:CustomData key="flag" value="BillingDayFlag"/>
								</customData>
							</ComboBox>
						</HBox>
					</uiTable:template>
				</uiTable:Column>
				<uiTable:Column headerSpan='2,1' width="8rem" hAlign="Center">
					<uiTable:multiLabels>
						<Label text="{i18n>BillingFrequency}"/>
						<Label text="{i18n>Old}" textAlign="Center" width="100%"/>
					</uiTable:multiLabels>
					<uiTable:template>
						<Text text="{EditModel>BillingFrequencyDescOld}">
							<customData>
								<core:CustomData key="deleted" value="{=${EditModel>FlatFeeDeleted} ? 'yes' : 'no'}" writeToDom="true"/>
							</customData>
						</Text>
					</uiTable:template>
				</uiTable:Column>
				<uiTable:Column width="8rem" hAlign="Center">
					<uiTable:multiLabels>
						<Label text="{i18n>BillingFrequency}"/>
						<Label text="{i18n>New}" textAlign="Center" width="100%"/>
					</uiTable:multiLabels>
					<uiTable:template>
						<HBox class="allowProduct">
							<ComboBox items="{path: 'DropdownModel>/BillingFrequency',templateShareable : true }" valueState="{EditModel>BillingFrequencyState}"
								required="{= ${EditModel>ChangeFlag} !== 'D'}" selectedKey="{EditModel>BillingFrequency}" change="onLineChange"
								enabled="{= (${EditModel>ConditionKey} === 'Z1MP668' || ${EditModel>ConditionKey} === 'ZFTP668')? (${EditModel>FlatFeeChanged} !== 'D'? true: false):false}">
								<core:Item key="{DropdownModel>Key}" text="{DropdownModel>Value}"/>
								<customData>
									<core:CustomData key="flag" value="BillingFrequencyFlag"/>
								</customData>
							</ComboBox>
						</HBox>
					</uiTable:template>
				</uiTable:Column>
				<uiTable:Column>
					<uiTable:multiLabels>
						<Label text="{i18n>MaterialAndDesc}"/>
					</uiTable:multiLabels>
					<uiTable:template>
						<VBox>
							<Text text="{EditModel>MaterialNumber}" visible="{=!${EditModel>MaterialEditable}}">
								<customData>
									<core:CustomData key="deleted" value="{=${EditModel>FlatFeeDeleted} ? 'yes' : 'no'}" writeToDom="true"/>
								</customData>
							</Text>
							<Input valueState="{EditModel>MaterialNumberState}" value="{EditModel>MaterialNumber}" visible="{=${EditModel>MaterialEditable}}"
								showValueHelp="true" change="onMaterialNumberChange" valueHelpRequest="onEditProductsMaterialVHPress"
								enabled="{=${EditModel>FlatFeeEnable}}">
								<customData>
									<core:CustomData key="flag" value="FlatFeeMN"/>
								</customData>
							</Input>
							<Text text="{EditModel>MaterialDesc}" visible="{=!${EditModel>MaterialEditable}}">
								<customData>
									<core:CustomData key="deleted" value="{=${EditModel>FlatFeeDeleted} ? 'yes' : 'no'}" writeToDom="true"/>
								</customData>
							</Text>
						</VBox>
					</uiTable:template>
				</uiTable:Column>
				<uiTable:Column headerSpan='2,1' width="6rem" hAlign="Center">
					<uiTable:multiLabels >
						<Label text="{i18n>UnitPrice}" textAlign="Center" width="100%"/>
						<Label text="{i18n>Old}" textAlign="Center" width="100%"/>
					</uiTable:multiLabels>
					<uiTable:template>
						<HBox>
							<Text text="{EditModel>OldUnitPrice}">
								<customData>
									<core:CustomData key="deleted" value="{=${EditModel>FlatFeeDeleted} ? 'yes' : 'no'}" writeToDom="true"/>
								</customData>
							</Text>
							<Label text="" class="maLabelIsChPending" visible="{EditModel>IsChPending}" tooltip="{i18n>upcomingrate}"/>
						</HBox>
					</uiTable:template>
				</uiTable:Column>
				<uiTable:Column width="5rem">
					<uiTable:multiLabels>
						<Label text="{i18n>UnitPrice}"/>
						<Label text="{i18n>New}" textAlign="Center" width="100%"/>
					</uiTable:multiLabels>
					<uiTable:template>
						<Input valueState="{= ${EditModel>ValidUnitPrice} ? 'None' : 'Error'}" value="{EditModel>NewUnitPrice}" change="onLineChange"
							enabled="{= ${EditModel>FlatFeeChanged} === 'D'? false : true}">
							<customData>
								<core:CustomData key="flag" value="UnitPriceFlag"/>
							</customData>
						</Input>
					</uiTable:template>
				</uiTable:Column>
				<uiTable:Column width="55px" hAlign="Center">
					<uiTable:multiLabels>
						<Label text=""/>
					</uiTable:multiLabels>
					<uiTable:template >
						<HBox justifyContent="SpaceBetween">
							<core:Icon src="sap-icon://delete" color="red" press="onLineDeletePress" visible="{= ${EditModel>FlatFeeChanged} !== 'D'}">
								<core:customData>
									<core:CustomData key="table" value="FlatFee"/>
									<core:CustomData key="path" value="/EditableFlatFee"/>
								</core:customData>
							</core:Icon>
							<core:Icon src="sap-icon://undo" color="black" press="onFlatFeeDeleteUndoPress" visible="{= ${EditModel>FlatFeeChanged} === 'D'}"/>
							<core:Icon
								src="{=${EditModel>FlatFeeChanged} === 'U' ? 'sap-icon://request' : ${EditModel>FlatFeeChanged} === 'D' ? 'sap-icon://delete' : ${EditModel>FlatFeeChanged} === 'I' ? 'sap-icon://add-document' : ''}"/>
						</HBox>
					</uiTable:template>
				</uiTable:Column>
			</uiTable:columns>
			<uiTable:customData>
				<core:CustomData key="table" value="FlatFee"/>
			</uiTable:customData>
		</uiTable:Table>
	</Panel>
</core:FragmentDefinition>