<core:FragmentDefinition xmlns:f="sap.ui.layout.form" xmlns:l="sap.ui.layout" xmlns:core="sap.ui.core" xmlns:u="sap.ui.unified"
	xmlns:mvc="sap.ui.core.mvc" xmlns="sap.m" xmlns:ui="sap.ui.table" xmlns:custom="com.ecolab.ZASBMasterAgr.custom">
	<VBox>
		<f:SimpleForm editable="true" title="{i18n>HeaderInfo}" layout="ResponsiveGridLayout" labelSpanXL="6" labelSpanL="6" labelSpanM="12"
			labelSpanS="12" adjustLabelSpan="false" emptySpanXL="0" emptySpanL="0" emptySpanM="0" emptySpanS="0" columnsXL="3" columnsL="3" columnsM="2"
			singleContainerFullSize="false" class="agreditheaderlabel-left">
			<f:content>
				<core:Title text=""/>
				<Label text="{i18n>Description}" required="true" design="Bold"/>
				<Input maxLength="24" value="{ValueFields/Description}" valueStateText="{i18n>InvalidEntry}"
					valueState="{EditModel>/HeaderInfoErrorDetails/DescriptionState}" id="idDescription">
					<layoutData>
						<l:GridData span="L10 M12 S12"/>
					</layoutData>
				</Input>
				<Label text="{i18n>ExtDescription}" design="Bold"/>
				<Input value="{ValueFields/ExternalDescription}" maxLength="20">
					<layoutData>
						<l:GridData span="L10 M12 S12"/>
					</layoutData>
				</Input>
				<Label text="{i18n>CustomerH5}" required="true" design="Bold" visible="{=${ValueFields/IsMSL}===false}" />
				<Input id="IDCustomerH5" value="{ValueFields/BusinessPartner}" visible="{=${ValueFields/IsMSL}===false}" showValueHelp="true" type="Number" editable="{= (${EditModel>/sObjectId} !== undefined &amp;&amp; ${EditModel>/sObjectId} !== '') ? false : true}"
					valueState="{EditModel>/HeaderInfoErrorDetails/BusinessPartner}" valueHelpRequest="onCustomerVHPress" change="onCustomerNumberChange" >
					<customData>
						<core:CustomData key="flag" value="HeaderInfoCustomer"/>
					</customData>
					<layoutData>
						<l:GridData span="L10 M12 S12"/>
					</layoutData>
				</Input>
				<Label text="{i18n>EligibleTradeOrg}" required="true" design="Bold" visible="{=${ValueFields/IsMSL}===true}"/>
				<Input id="IDEligibleTradeOrg" value="{ValueFields/MSLNumber}" showValueHelp="true" type="Number"  visible="{=${ValueFields/IsMSL}===true}" valueHelpRequest="onCustomerVHPress" change="onCustomerNumberChange" >
					<customData>
						<core:CustomData key="flag" value="HeaderInfoCustomer"/>
					</customData>
					<layoutData>
						<l:GridData span="L10 M12 S12"/>
					</layoutData>
				</Input>
				<Label text="{i18n>CustomerDescp}" design="Bold"/>
				<Input value="{TextFields/BusinessPartner}"  visible="{=${ValueFields/IsMSL}===false}" editable="false">
					<layoutData>
						<l:GridData span="L10 M12 S12"/>
					</layoutData>
				</Input>
				<Input value="{TextFields/MSLNumber}"  visible="{=${ValueFields/IsMSL}===true}" editable="false">
					<layoutData>
						<l:GridData span="L10 M12 S12"/>
					</layoutData>
				</Input>
				<core:Title text=""/>
				<Label text="{i18n>MasterAgreement}" design="Bold"/>
				<Input value="{ValueFields/AgreementNumber}" id="IDAgreementNumber" editable="false">
					<layoutData>
						<l:GridData span="L10 M12 S12"/>
					</layoutData>
				</Input>
				<Label text="{i18n>RevisionNumber}" design="Bold"/>
				<Input value="{ValueFields/RevisionNumber}" editable="false">
					<layoutData>
						<l:GridData span="L10 M12 S12"/>
					</layoutData>
				</Input>
				<Label text="{i18n>ValidFrom}" required="true" design="Bold"/>
				<DatePicker id="headerValidFrom"
					value="{path: 'ValueFields/ValidFrom', type: 'sap.ui.model.type.DateTime', formatOptions: {pattern: 'dd MMM yyyy', UTC: true}}"
					editable="{= (${EditModel>/sObjectId} !== undefined &amp;&amp; ${EditModel>/sObjectId} !== '') ?false : true}" valueStateText="{i18n>InvalidEntry}"
					valueState="{= (${EditModel>/sObjectId} === undefined || ${EditModel>/sObjectId} === '') ? ${EditModel>/HeaderInfoErrorDetails/ValidFromState} : 'None'}"
					displayFormat="dd Mmm yyyy" placeholder="dd Mmm yyyy" change="validateDateChange">
					<layoutData>
						<l:GridData span="L10 M12 S12"/>
					</layoutData>
				</DatePicker>
				<Label text="{i18n>ValidTo}" required="true" design="Bold"/>
				<DatePicker id="headerValidTo" editable="{= ((${ValueFields/RevisionType} === '' &amp;&amp; ${ValueFields/DocumentType} === '') || ${ValueFields/RevisionType} === 'CMA') ? true : false}"
					value="{path: 'ValueFields/ValidTo', type: 'sap.ui.model.type.DateTime', formatOptions: {pattern: 'dd MMM yyyy', UTC: true}}"
					valueStateText="{i18n>InvalidEntry}" valueState="{EditModel>/HeaderInfoErrorDetails/ValidToState}" displayFormat="dd Mmm yyyy"
					placeholder="dd Mmm yyyy" change="validateDateChange">
					<layoutData>
						<l:GridData span="L10 M12 S12"/>
					</layoutData>
				</DatePicker>
				<Label text="{i18n>LegalStartDate}" design="Bold"/>
				<DatePicker id="headerLegalStartDate"
					value="{path: 'ValueFields/LegalStartDate', type: 'sap.ui.model.type.DateTime', formatOptions: {pattern: 'dd MMM yyyy', UTC: true}}"
					displayFormat="dd Mmm yyyy" placeholder="dd Mmm yyyy" change="validateDateChange">
					<layoutData>
						<l:GridData span="L10 M12 S12"/>
					</layoutData>
				</DatePicker>
				<Label text="{i18n>LegalEndDate}" design="Bold"/>
				<DatePicker id="headerLegalEndDate"
					value="{path: 'ValueFields/LegalEndDate', type: 'sap.ui.model.type.DateTime', formatOptions: {pattern: 'dd MMM yyyy', UTC: true}}"
					displayFormat="dd Mmm yyyy" placeholder="dd Mmm yyyy" change="validateDateChange">
					<layoutData>
						<l:GridData span="L10 M12 S12"/>
					</layoutData>
				</DatePicker>
			</f:content>
		</f:SimpleForm>
		<f:SimpleForm editable="true" title="{i18n>General}" layout="ResponsiveGridLayout" labelSpanXL="6" labelSpanL="6" labelSpanM="12"
			labelSpanS="12" adjustLabelSpan="false" emptySpanXL="0" emptySpanL="0" emptySpanM="0" emptySpanS="0" columnsXL="3" columnsL="3" columnsM="2"
			singleContainerFullSize="false" class="agreditheaderlabel-left">
			<f:content>
				<core:Title text=""/>
				<Label text="{i18n>SalesOrganization}" required="true" design="Bold"/>
				<ComboBox change="onComboBoxValidateSalesOrg" id='idSalesOrg' editable="{= (${EditModel>/sObjectId} !== undefined &amp;&amp; ${EditModel>/sObjectId} !== '') ?false : true}" class="multicomboboxfont"
					items="{path: 'DropdownModel>/SalesOrg',templateShareable : true }" selectedKey="{ValueFields/SalesOrg}"
					valueStateText="{i18n>InvalidEntry}" 
					valueState="{= (${EditModel>/sObjectId} === undefined || ${EditModel>/sObjectId} === '') ? ${EditModel>/HeaderInfoErrorDetails/SalesOrgState} : 'None'}">
					<core:Item key="{DropdownModel>Key}" text="{DropdownModel>Key} {DropdownModel>Value}"/>
					<layoutData>
						<l:GridData span="L10 M12 S12"/>
					</layoutData>
				</ComboBox>
				<Label text="{i18n>DistributedChannel}" required="true" design="Bold"/>
				<ComboBox change="onComboBoxValidate" editable="{= (${EditModel>/sObjectId} !== undefined &amp;&amp; ${EditModel>/sObjectId} !== '') ?false : true}" class="multicomboboxfont"
					items="{path: 'DropdownModel>/DistributionChannel',templateShareable : true }" selectedKey="{ValueFields/DistributionChannel}"
					valueStateText="{i18n>InvalidEntry}"
					valueState="{= (${EditModel>/sObjectId} === undefined || ${EditModel>/sObjectId} === '') ? ${EditModel>/HeaderInfoErrorDetails/DistributionChannelState} : 'None'}">
					<core:Item key="{DropdownModel>Key}" text="{DropdownModel>Key} {DropdownModel>Value}"/>
					<layoutData>
						<l:GridData span="L10 M12 S12"/>
					</layoutData>
				</ComboBox>
				<Label text="{i18n>Division}" required="true" design="Bold"/>
				<ComboBox change="onComboBoxValidate" editable="{= (${EditModel>/sObjectId} !== undefined &amp;&amp; ${EditModel>/sObjectId} !== '') ?false : true}" class="multicomboboxfont"
					items="{path: 'DropdownModel>/Division',templateShareable : true }" selectedKey="{ValueFields/Division}"
					valueStateText="{i18n>InvalidEntry}"
					valueState="{= (${EditModel>/sObjectId} === undefined || ${EditModel>/sObjectId} === '') ? ${EditModel>/HeaderInfoErrorDetails/DivisionState} : 'None'}">
					<core:Item key="{DropdownModel>Key}" text="{DropdownModel>Key} {DropdownModel>Value}"/>
					<layoutData>
						<l:GridData span="L10 M12 S12"/>
					</layoutData>
				</ComboBox>
				<Label text="{i18n>ProfitCenter}" required="true" design="Bold"/>
				<ComboBox class="multicomboboxfont" items="{path: 'DropdownModel>/ProfitCenter',templateShareable : true }"
					selectedKey="{ValueFields/ProfitCenter}" valueStateText="{i18n>InvalidEntry}"
					valueState="{EditModel>/HeaderInfoErrorDetails/ProfitCenterState}" change="onComboBoxValidate">
					<core:Item key="{DropdownModel>Key}" text="{DropdownModel>Key} {DropdownModel>Value}"/>
					<layoutData>
						<l:GridData span="L10 M12 S12"/>
					</layoutData>
				</ComboBox>
				<Label text="{i18n>EbsOwner}" required="true" design="Bold"/>
				<custom:Input type="Text" id="ebsOwnerInput" valueState="{EditModel>/HeaderInfoErrorDetails/EBSOwnerState}" maxSuggestionWidth="50rem"
					textFormatMode="ValueKey" placeholder="{i18n>EbsOwnerPlaceholder}" showSuggestion="true" showValueHelp="true"
					suggestionRows="{path: '/PortfolioSet',length: 2000}" filterSuggests="false" showTableSuggestionValueHelp="true" valueHelpRequest="handleEbsOwnerValueHelp"
					suggestionItemSelected="ownerSuggestionItemSelected">
					<custom:suggestionColumns>
						<core:Fragment fragmentName="com.ecolab.ZASBMasterAgr.fragment.edit.EbsOwnerValueHelpColumns" type="XML"></core:Fragment>
					</custom:suggestionColumns>
					<custom:suggestionRows>
						<core:Fragment fragmentName="com.ecolab.ZASBMasterAgr.fragment.edit.EbsOwnerValueHelpRows" type="XML"></core:Fragment>
					</custom:suggestionRows>
					<custom:layoutData>
						<l:GridData span="L10 M12 S12"/>
					</custom:layoutData>
				</custom:Input>
				<core:Title text=""/>
				<Label text="{i18n>AgreementCategory}" required="true" design="Bold"/>
				<ComboBox class="multicomboboxfont" items="{path: 'DropdownModel>/AgreementCategory',templateShareable : true }"
					selectedKey="{ValueFields/AgreementCategory}" valueStateText="{i18n>InvalidEntry}"
					valueState="{EditModel>/HeaderInfoErrorDetails/AgrCategoryState}" change="onComboBoxValidate">
					<core:Item key="{DropdownModel>Key}" text="{DropdownModel>Value}"/>
					<layoutData>
						<l:GridData span="L10 M12 S12"/>
					</layoutData>
				</ComboBox>
				<Label text="{i18n>AgreementClass}" design="Bold"/>
				<ComboBox class="multicomboboxfont" items="{path: 'DropdownModel>/AgreementClass',templateShareable : true }"
					selectedKey="{ValueFields/AgreementClass}" valueStateText="{i18n>InvalidEntry}">
					<core:Item key="{DropdownModel>Key}" text="{DropdownModel>Value}"/>
					<layoutData>
						<l:GridData span="L10 M12 S12"/>
					</layoutData>
				</ComboBox>
				<Label text="{i18n>LegalAgreementStatus}" design="Bold"/>
				<ComboBox class="multicomboboxfont" items="{path: 'DropdownModel>/LegalAgreementStatus',templateShareable : true }"
					selectedKey="{ValueFields/LegalAgreementStatus}">
					<core:Item key="{DropdownModel>Key}" text="{DropdownModel>Value}"/>
					<layoutData>
						<l:GridData span="L10 M12 S12"/>
					</layoutData>
				</ComboBox>
				<!--  Y. Mossaad, 02.Okt2020,   UKIE Prject,  T10917 adding currency on header level during the agreement creation  -->
                <Label text="{i18n>Currency}" required="true" design="Bold"/>
			    <ComboBox change="onComboBoxValidateCurrency" class="multicomboboxfont" 
                    items="{path: 'DropdownModel>/Currency',templateShareable : true }" selectedKey="{ValueFields/Currency}" id="headergencurr" >
                    <core:Item key="{DropdownModel>Key}" text="{DropdownModel>Key}"/>
                    <layoutData>
                        <l:GridData span="L10 M12 S12"/>
                    </layoutData>
                </ComboBox>
                <Label text="{i18n>Currency}" required="false" design="Bold"  />
			    <ComboBox change="onComboBoxValidateCurrency" class="multicomboboxfont" items="{path: 'DropdownModel>/Currency',templateShareable : true }" selectedKey="{ValueFields/Currency}" id="headergencurr2" >
                    <core:Item key="{DropdownModel>Key}" text="{DropdownModel>Key}"/>
                    <layoutData>
                        <l:GridData span="L10 M12 S12"/>
                    </layoutData>
                </ComboBox> 
				<Label class="margintop15" text="{i18n>AutoRenewal}" design="Bold"/>
				<Switch state="{ValueFields/AutoRenewal}" customTextOn="{i18n>Yes}" customTextOff="{i18n>No}"></Switch>
			</f:content>
		</f:SimpleForm>
		<f:SimpleForm editable="true" layout="ResponsiveGridLayout" title="{i18n>PricingAdjustmentData}" labelSpanXL="6" labelSpanL="6"
			labelSpanM="12" labelSpanS="12" adjustLabelSpan="false" emptySpanXL="0" emptySpanL="0" emptySpanM="0" emptySpanS="0" columnsXL="3"
			columnsL="3" columnsM="2" singleContainerFullSize="false" class="agreditheaderlabel-left" visible="true" >
			<f:content>
				<Label text="{i18n>PricingAdjustmentType}" design="Bold"/>
				<ComboBox class="multicomboboxfont" items="{path: 'DropdownModel>/PriceAdjType',templateShareable : true }"
					selectedKey="{ValueFields/PriceAdjType}">
					<core:Item key="{DropdownModel>Key}" text="{DropdownModel>Value}"/>
					<layoutData>
						<l:GridData span="L10 M12 S12"/>
					</layoutData>
				</ComboBox>
				<Label text="{i18n>PricingAdjustmentFrequency}" design="Bold"/>
				<ComboBox class="multicomboboxfont" items="{path: 'DropdownModel>/PriceAdjFreq',templateShareable : true }"
					selectedKey="{ValueFields/PriceAdjFreq}">
					<core:Item key="{DropdownModel>Key}" text="{DropdownModel>Value}"/>
					<layoutData>
						<l:GridData span="L10 M12 S12"/>
					</layoutData>
				</ComboBox>
				<Label text="{i18n>MinPriceAdjustment} %" design="Bold"/>
				<Input value="{ValueFields/MinPriceAdjPerc}" maxLength="3" liveChange="onValidateMinPriceAdjPerc">
					<layoutData>
						<l:GridData span="L10 M12 S12"/>
					</layoutData>
				</Input>
				<Label text="{i18n>MaxPriceAdjustment} %" design="Bold"/>
				<Input value="{ValueFields/MaxPriceAdjPerc}" maxLength="4" liveChange="onValidateMaxPriceAdjPerc">
					<layoutData>
						<l:GridData span="L10 M12 S12"/>
					</layoutData>
				</Input>
				<Label text="{i18n>AdvanceNotice}" design="Bold"/>
				<Input value="{ValueFields/AdvanceNotice}" type="Number" liveChange="onValidateAdvanceNotice">
					<layoutData>
						<l:GridData span="L10 M12 S12"/>
					</layoutData>
				</Input>
				<Label class="margintop15" text="{i18n>TerminationClause}" design="Bold"/>
				<Switch state="{ValueFields/TerminationClause}" customTextOn="{i18n>Yes}" customTextOff="{i18n>No}"></Switch>
				<Label class="margintop15" text="{i18n>ExtraOrdinaryLang}" design="Bold"/>
				<Switch state="{ValueFields/ExtraordinaryLang}" customTextOn="{i18n>Yes}" customTextOff="{i18n>No}"></Switch>
				<Label class="margintop15" text="{i18n>MostFavCustomer}" design="Bold"/>
				<Switch state="{ValueFields/MostFavCustomer}" customTextOn="{i18n>Yes}" customTextOff="{i18n>No}"></Switch>
				<core:Title text=""/>
				<Label text="{i18n>LastPriceAdjustmentDate}" design="Bold"/>
				<DatePicker id="headerLastPriceAdjDate"
					value="{path: 'ValueFields/LastPriceAdjDate', type: 'sap.ui.model.type.DateTime', formatOptions: {pattern: 'dd MMM yyyy', UTC: true}}"
					displayFormat="dd Mmm yyyy" placeholder="dd Mmm yyyy" change="validateDateChange">
					<layoutData>
						<l:GridData span="L10 M12 S12"/>
					</layoutData>
				</DatePicker>
				<Label text="{i18n>LastPriceAdjustmentRate}" design="Bold"/>
				<Input value="{ValueFields/LastPriceAdjRate}" type="Number" liveChange="onValidateAdjPercRate">
					<layoutData>
						<l:GridData span="L10 M12 S12"/>
					</layoutData>
				</Input>
				<Label text="{i18n>PricePlanAdjustmentDate}" design="Bold"/>
				<DatePicker id="headerPricePlanAdjDate"
					value="{path: 'ValueFields/PricePlanAdjDate', type: 'sap.ui.model.type.DateTime', formatOptions: {pattern: 'dd MMM yyyy', UTC: true}}"
					displayFormat="dd Mmm yyyy" placeholder="dd Mmm yyyy" change="validateDateChange">
					<layoutData>
						<l:GridData span="L10 M12 S12"/>
					</layoutData>
				</DatePicker>
				<Label text="{i18n>PricePlanAdjustmentPercentage}" design="Bold"/>
				<Input value="{ValueFields/PricePlanAdjPerc}" type="Number" liveChange="onValidateAdjPercRate">
					<layoutData>
						<l:GridData span="L10 M12 S12"/>
					</layoutData>
				</Input>
			</f:content>
		</f:SimpleForm>
		<f:SimpleForm editable="true" layout="ResponsiveGridLayout" title="{i18n>CommercialTerms}" labelSpanXL="6" labelSpanL="6" labelSpanM="12"  
			labelSpanS="12" adjustLabelSpan="false" emptySpanXL="0" emptySpanL="0" emptySpanM="0" emptySpanS="0" columnsXL="3" columnsL="3" columnsM="2"
			singleContainerFullSize="false" class="agreditheaderlabel-left" visible="true" >
			<f:content>
				<core:Title text=" "/>
				<Label text="{i18n>PaymentTerms}" design="Bold"/>
				<ComboBox class="multicomboboxfont" items="{path: 'DropdownModel>/PaymentTerms',templateShareable : true }"
					selectedKey="{ValueFields/PaymentTerms}">
					<core:Item key="{DropdownModel>Key}" text="{DropdownModel>Value}"/>
					<layoutData>
						<l:GridData span="L10 M12 S12"/>
					</layoutData>
				</ComboBox>
				<core:Title text=""/>
				<Label text="{i18n>MopIndicator}" design="Bold"/>
				<ComboBox class="multicomboboxfont" items="{path: 'DropdownModel>/MOPIndicator',templateShareable : true }"
					selectedKey="{ValueFields/MOPIndicator}">
					<core:Item key="{DropdownModel>Key}" text="{DropdownModel>Value}"/>
					<layoutData>
						<l:GridData span="L10 M12 S12"/>
					</layoutData>
				</ComboBox>
			</f:content>
		</f:SimpleForm>
		<f:SimpleForm editable="true" layout="ResponsiveGridLayout" title="{i18n>OtherAgreementData}" labelSpanXL="6" labelSpanL="6"  
			labelSpanM="12" labelSpanS="12" adjustLabelSpan="false" emptySpanXL="0" emptySpanL="0" emptySpanM="0" emptySpanS="0" columnsXL="3"
			columnsL="3" columnsM="2" singleContainerFullSize="false" class="agreditheaderlabel-left" visible="true" >
			<f:content>
				<core:Title text=" "/>
				<Label text="{i18n>HierApprovalReq}" design="Bold"/>
				<ComboBox class="multicomboboxfont" items="{path: 'DropdownModel>/HierApprovalReq',templateShareable : true }"
					selectedKey="{ValueFields/HierApprovalReq}">
					<core:Item key="{DropdownModel>Key}" text="{DropdownModel>Value}"/>
					<layoutData>
						<l:GridData span="L10 M12 S12"/>
					</layoutData>
				</ComboBox>
				<Label text="{i18n>AgreementMaterialsOnly}" design="Bold"/>
				<ComboBox class="multicomboboxfont" items="{path: 'DropdownModel>/AgrMaterialsOnly',templateShareable : true }"
					selectedKey="{ValueFields/AgrMaterialsOnly}">
					<core:Item key="{DropdownModel>Key}" text="{DropdownModel>Value}"/>
					<layoutData>
						<l:GridData span="L10 M12 S12"/>
					</layoutData>
				</ComboBox>
				<Label class="margintop15" text="{i18n>UnitRequired}" design="Bold"/>
				<Switch state="{ValueFields/UnitNumRequired}" customTextOn="{i18n>Yes}" customTextOff="{i18n>No}"></Switch>
				<Label class="margintop15" text="{i18n>PoRequired}" design="Bold"/>
				<Switch state="{ValueFields/PONumRequired}" customTextOn="{i18n>Yes}" customTextOff="{i18n>No}"></Switch>
				<Label text="{i18n>CorporateHqPayer}" design="Bold"/>
				<Input value="{ValueFields/CorpHQPayerNum}" type="Number">
					<layoutData>
						<l:GridData span="L10 M12 S12"/>
					</layoutData>
				</Input>
				<Label text="{i18n>CorporateHqBillTo}" design="Bold"/>
				<Input value="{ValueFields/CorpHQBillToNum}" type="Number">
					<layoutData>
						<l:GridData span="L10 M12 S12"/>
					</layoutData>
				</Input>
				<Label text="{i18n>PrefInvDelivery}" design="Bold"/>
				<ComboBox class="multicomboboxfont" items="{path: 'DropdownModel>/PrefInvDelivery',templateShareable : true }"
					selectedKey="{ValueFields/PrefInvDelivery}">
					<core:Item key="{DropdownModel>Key}" text="{DropdownModel>Value}"/>
					<layoutData>
						<l:GridData span="L10 M12 S12"/>
					</layoutData>
				</ComboBox>
				<core:Title text=" "/>
				<Label text="{i18n>DistributorApproval}" design="Bold"/>
				<ComboBox class="multicomboboxfont" items="{path: 'DropdownModel>/DistributorApproval',templateShareable : true }"
					selectedKey="{ValueFields/DistributorApproval}">
					<core:Item key="{DropdownModel>Key}" text="{DropdownModel>Value}"/>
					<layoutData>
						<l:GridData span="L10 M12 S12"/>
					</layoutData>
				</ComboBox>
				<Label text="{i18n>CommunicationMethod}" design="Bold"/>
				<ComboBox class="multicomboboxfont" items="{path: 'DropdownModel>/CommunicationMethod',templateShareable : true }"
					selectedKey="{ValueFields/CommunicationMethod}">
					<core:Item key="{DropdownModel>Key}" text="{DropdownModel>Value}"/>
					<layoutData>
						<l:GridData span="L10 M12 S12"/>
					</layoutData>
				</ComboBox>
				<Label text="{i18n>FieldCommunicationLevel}" design="Bold"/>
				<ComboBox class="multicomboboxfont" items="{path: 'DropdownModel>/FieldCommLevel',templateShareable : true }"
					selectedKey="{ValueFields/FieldCommLevel}">
					<core:Item key="{DropdownModel>Key}" text="{DropdownModel>Value}"/>
					<layoutData>
						<l:GridData span="L10 M12 S12"/>
					</layoutData>
				</ComboBox>
				<Label class="margintop15" text="{i18n>TaxExemptFormReq}" design="Bold"/>
				<Switch state="{ValueFields/TaxExemptFormReq}" customTextOn="{i18n>Yes}" customTextOff="{i18n>No}"></Switch>
				<Label class="margintop15" text="{i18n>ThirdPartyDesignator}" design="Bold"/>
				<Switch state="{ValueFields/ThirdPartyDesignator}" customTextOn="{i18n>Yes}" customTextOff="{i18n>No}"></Switch>
				<Label text="{i18n>ThirdPartyName}" design="Bold"/>
				<Input value="{ValueFields/ThirdPartyName}">
					<layoutData>
						<l:GridData span="L10 M12 S12"/>
					</layoutData>
				</Input>
				<Label text="{i18n>RelatedAgreementId}" design="Bold"/>
				<Input value="{ValueFields/RelatedAgrID}">
					<layoutData>
						<l:GridData span="L10 M12 S12"/>
					</layoutData>
				</Input>
			</f:content>
		</f:SimpleForm>
		<f:SimpleForm editable="true" layout="ResponsiveGridLayout" title="{i18n>MslAgreementData}" labelSpanXL="6" labelSpanL="6" labelSpanM="12"
			labelSpanS="12" adjustLabelSpan="false" emptySpanXL="0" emptySpanL="0" emptySpanM="0" emptySpanS="0" columnsXL="3" columnsL="3" columnsM="2"
			singleContainerFullSize="false" class="agreditheaderlabel-left">
			<f:content>
				<core:Title text=" "/>
				<Label text="{i18n>ProductCategory}" design="Bold" required="{=${ValueFields/IsMSL}===true}"/>
				<ComboBox class="multicomboboxfont" items="{path: 'DropdownModel>/ProductCategory',templateShareable : true }"
					selectedKey="{ValueFields/ProductCategory}">
					<core:Item key="{DropdownModel>Key}" text="{DropdownModel>Value}"/>
					<layoutData>
						<l:GridData span="L10 M12 S12"/>
					</layoutData>
				</ComboBox>
				<core:Title text=""/>
				<Label text="{i18n>AgrPriceRanking}" design="Bold" required="{=${ValueFields/IsMSL}===true}"/>
				<ComboBox class="multicomboboxfont" items="{path: 'DropdownModel>/AgrPriceRanking',templateShareable : true }"
					selectedKey="{ValueFields/AgrPriceRanking}">
					<core:Item key="{DropdownModel>Key}" text="{DropdownModel>Value}"/>
					<layoutData>
						<l:GridData span="L10 M12 S12"/>
					</layoutData>
				</ComboBox>
			</f:content>
		</f:SimpleForm>
	</VBox>
</core:FragmentDefinition>