<core:FragmentDefinition xmlns:form="sap.ui.layout.form" xmlns:core="sap.ui.core" xmlns:commons="sap.suite.ui.commons"
	xmlns:mvc="sap.ui.core.mvc" xmlns="sap.m" xmlns:f="sap.ui.layout.form" xmlns:l="sap.ui.layout"
	xmlns:custom="com.ecolab.ZASBMasterAgr.custom">
	<Dialog title="{i18n>MaterialSearch}" contentWidth="1000px" contentHeight="400px">
		<content>
			<VBox>
				<f:SimpleForm editable="true" layout="ResponsiveGridLayout" singleContainerFullSize="true">
					<f:content>
						<Label text="{i18n>MaterialNumber}"/>
						<Input value="{EditModel>/MaterialSearch/MaterialNum}">
							<layoutData>
								<l:GridData span="XL4 L4 M4 S4"/>
							</layoutData>
						</Input>
						<Label text="{i18n>MaterialDesc}"/>
						<Input value="{EditModel>/MaterialSearch/MaterialDesc}">
							<layoutData>
								<l:GridData span="XL4 L4 M4 S4"/>
							</layoutData>
						</Input>
						<Label text="{i18n>Status}"/>
						<MultiComboBox class="multicomboboxfont" selectedKeys="{EditModel>/MaterialSearch/SelectedStatuses}" showButton="true"
							items="{path: 'ProdStatusModel>/StatusList',templateShareable : true }" selectionChange="onStatusClick">
							<core:ListItem key="{ProdStatusModel>Key}" text="{ProdStatusModel>Key} {ProdStatusModel>Value}" additionalText="{ProdStatusModel>Key}"/>
							<layoutData>
								<l:GridData span="XL4 L4 M4 S4"/>
							</layoutData>
						</MultiComboBox>
						<Button text="{i18n>Go}" press="onMaterailNumSerachPress">
							<layoutData>
								<l:GridData span="XL2 L2 M2 S2"/>
							</layoutData>
						</Button>
					</f:content>
				</f:SimpleForm>
				<Table mode="SingleSelectLeft" id="EditMaterialsTable"
					items="{path: 'EditModel>/MaterialSearch/MaterialValueHelpSet',templateShareable : true }" growing="true" growingScrollToLoad="true"
					growingThreshold="5" selectionChange="onMaterialListTableSelect" busy="{EditModel>/MaterialSearch/tableBusy}">
					<columns>
						<Column>
							<Label text="{i18n>MaterialNumber}"/>
						</Column>
						<Column>
							<Label text="{i18n>MaterialDesc}"/>
						</Column>
						<Column>
							<Label text="{i18n>Status}"/>
						</Column>
						<Column>
							<Label text="{i18n>SalesOrg}"/>
						</Column>
						<Column>
							<Label text="{i18n>DistributionChannel}"/>
						</Column>
					</columns>
					<items>
						<ColumnListItem>
							<cells>
								<Text text="{EditModel>MaterialNumber}"/>
								<Text text="{EditModel>MaterialDescription}"/>
								<Text text="{EditModel>Status}"/>
								<Text text="{EditModel>SalesOrg}"/>
								<Text text="{EditModel>DistributionChannel}"/>
							</cells>
						</ColumnListItem>
					</items>
				</Table>
			</VBox>
		</content>
		<beginButton>
			<Button text="{i18n>Ok}" press="onEditMaterialSearchOkPress"/>
		</beginButton>
		<endButton>
			<Button text="{i18n>Cancel}" press="onEditMaterialSearchCancelPress"/>
		</endButton>
	</Dialog>
</core:FragmentDefinition>