<core:FragmentDefinition xmlns:f="sap.ui.layout.form" xmlns:l="sap.ui.layout" xmlns:core="sap.ui.core" xmlns:u="sap.ui.unified"
	xmlns:mvc="sap.ui.core.mvc" xmlns="sap.m" xmlns:uiTable="sap.ui.table" xmlns:custom="com.ecolab.ZASBMasterAgr.custom">
	<Panel id="EditMSLPricingPanel" expandable="true" expanded="true" headerText="{i18n>MSLPrice}" width="auto"
		class="borderbottoms sapUiSizeCompact EditProductsTable">
		<uiTable:Table selectionMode="None" rows="{EditModel>/EditableMSLPrice}" visibleRowCount="10" id="EditMSLPriceTable">
			<uiTable:extension>
				<HBox alignItems="Center" justifyContent="End">
					<!--<Button class="sapUiSmallMarginEnd" type="Emphasized" icon="sap-icon://sort" press="ProductsSortPress">
						<customData>
							<core:CustomData key="SortKey" value="Sort"/>
						</customData>
					</Button>-->
					<u:FileUploader class="productAddBtn" id="idMSLPriceFileUploader" name="cidFileUpload" buttonText="{i18n>UPLOAD}" sameFilenameAllowed="true"
						tooltip="{i18n>IMPORT_FROM_EXCEL_BTN_TOOLTIP}" change="onMSLPriceUpload" uploadComplete="onProductUploadComplete"
						typeMissmatch="onTypeMissmatch" useMultipart="true" fileType="xls,xlsx" icon="sap-icon://upload" buttonOnly="true" maximumFileSize="5"
						fileSizeExceed="onFileSizeExceed"/>
					<Button class="productAddBtn" text="{i18n>Add}" icon="sap-icon://add" press="onAddMSLPricePress"/>
				</HBox>
			</uiTable:extension>
			<uiTable:columns>
				<uiTable:Column width="9rem" sortProperty="EditModel>MaterialNumber" showSortMenuEntry="true">
					<uiTable:multiLabels>
						<Label text="{i18n>MaterialNum}"/>
					</uiTable:multiLabels>
					<uiTable:template>
						<HBox class="allowProduct">
							<Text text="{EditModel>MaterialNumber}" visible="{=!${EditModel>MaterialEditable}}">
								<customData>
									<core:CustomData key="deleted" value="{=${EditModel>MSLPriceDeleted} ? 'yes' : 'no'}" writeToDom="true"/>
								</customData>
							</Text>
							<Input valueState="{EditModel>MaterialNumberState}" value="{EditModel>MaterialNumber}" visible="{EditModel>MaterialEditable}"
								showValueHelp="true" change="onMaterialNumberChange" valueHelpRequest="onEditProductsMaterialVHPress">
								<customData>
									<core:CustomData key="flag" value="MSLPriceMN" writeToDom="true"/>
								</customData>
							</Input>
						</HBox>
					</uiTable:template>
				</uiTable:Column>
				<uiTable:Column sortProperty="EditModel>MaterialDesc" showSortMenuEntry="true" width="16rem">
					<uiTable:multiLabels>
						<Label text="{i18n>Description}"/>
					</uiTable:multiLabels>
					<uiTable:template>
						<Text text="{EditModel>MaterialDesc}">
							<customData>
								<core:CustomData key="deleted" value="{=${EditModel>MSLPriceDeleted} ? 'yes' : 'no'}" writeToDom="true"/>
							</customData>
						</Text>
					</uiTable:template>
				</uiTable:Column>
				<uiTable:Column width="12rem">
					<uiTable:multiLabels>
						<Label text="{i18n>TID}"/>
						<!--<Label text="{i18n>New}" textAlign="Center" width="100%"/>-->
					</uiTable:multiLabels>
					<uiTable:template>
						<ComboBox selectionChange="onTierIDChange" items="{path: 'TierIDModel>/MSLPrice/FieldProperties/KeyValueSet/results/', templateShareable:true}"
							selectedKey="{EditModel>TierID}" editable="{EditModel>TierIDEditable}" enabled="{= ${EditModel>MSLPriceChanged} === 'D'? false : true}" valueState="{EditModel>TierIDState}">
							<core:Item key="{TierIDModel>Key}" text="{TierIDModel>Key} {TierIDModel>Value}"/>
							<customData>
								<core:CustomData key="flag" value="MSLPriceTierID" writeToDom="true"/>
							</customData>
						</ComboBox>
						<!--<custom:ComboBox id="TierIDCB" showSecondaryValues="true" selectedKey="{EditModel>TierID}"-->
						<!--	valueState="{EditModel>TierIDState}" change="onTierIDChange"-->
						<!--	enabled="{= ${EditModel>MSLPriceChanged} === 'D'? false : true}" items="{ path: 'DropdownModel>/TierID', templateShareable : true }">-->
						<!--	<core:ListItem key="{DropdownModel>Key}" text="{DropdownModel>Value}" additionalText="{DropdownModel>Key}"/>-->
						<!--</custom:ComboBox>-->
					</uiTable:template>
				</uiTable:Column>
				<uiTable:Column headerSpan='2,1' width="6rem" hAlign="Center">
					<uiTable:multiLabels >
						<Label text="{i18n>TierRate}" textAlign="Center" width="100%"/>
						<Label text="{i18n>Old}" textAlign="Center" width="100%"/>
					</uiTable:multiLabels>
					<uiTable:template>
						<HBox>
							<Label text="{=${EditModel>Currency} === 'USD' ? '$' : ${EditModel>Currency} === 'CAD' ? 'C$' : ${Currency}} {EditModel>OldRate} "
								textAlign="Center" class="maLabelIsChPending" visible="{EditModel>IsChPending}" tooltip="{i18n>upcomingrate}">
								<customData>
									<core:CustomData key="deleted" value="{=${EditModel>MSLPriceDeleted} ? 'yes' : 'no'}" writeToDom="true"/>
								</customData>
							</Label>
							<Text text="{=${EditModel>Currency} === 'USD' ? '$' : ${EditModel>Currency} === 'CAD' ? 'C$' : ${Currency}} {EditModel>OldRate} "
								textAlign="Center" visible="{= ${EditModel>IsChPending} ? false : true}">
								<customData>
									<core:CustomData key="deleted" value="{=${EditModel>MSLPriceDeleted} ? 'yes' : 'no'}" writeToDom="true"/>
								</customData>
							</Text>
						</HBox>
					</uiTable:template>
				</uiTable:Column>
				<uiTable:Column width="6rem">
					<uiTable:multiLabels>
						<Label text="{i18n>TierRate}"/>
						<Label text="{i18n>New}" textAlign="Center" width="100%"/>
					</uiTable:multiLabels>
					<uiTable:template>
						<Input valueState="{= ${EditModel>ValidRate} ? 'None' : 'Error'}" value="{path:'EditModel>NewRate'}" type="Number" change="onLineChange"
							enabled="{= ${EditModel>MSLPriceChanged} === 'D'? false : true}">
							<customData>
								<core:CustomData key="flag" value="RateFlag"/>
							</customData>
						</Input>
					</uiTable:template>
				</uiTable:Column>
				<!--<uiTable:Column width="2rem" sortProperty="EditModel>PPSeverity" showSortMenuEntry="true">-->
				<!--	<uiTable:multiLabels>-->
				<!--		<Label text=""/>-->
				<!--	</uiTable:multiLabels>-->
				<!--	<uiTable:template>-->
				<!--		<HBox justifyContent="SpaceBetween">-->
				<!--			<core:Icon src="sap-icon://alert"-->
				<!--				color="{= ${EditModel>PPSeverity} === '5' ? '#bfbfbf' : ${EditModel>PPSeverity} === '4' ? '#FFD700' : ${EditModel>PPSeverity} === '3' ? '#FF8C00' : 'red'}"-->
				<!--				press="handleMessagePress" tooltip="{EditModel>PPViolationText}" visible="{EditModel>HasPPViolation}"/>-->
				<!--		</HBox>-->
				<!--	</uiTable:template>-->
				<!--</uiTable:Column>-->
				<uiTable:Column headerSpan='2,1' width="4rem" hAlign="Center">
					<uiTable:multiLabels >
						<Label text="{i18n>Per}" textAlign="Center" width="100%"/>
						<Label text="{i18n>Old}" textAlign="Center" width="100%"/>
					</uiTable:multiLabels>
					<uiTable:template>
						<Text text="{EditModel>OldPer}" textAlign="Center">
							<customData>
								<core:CustomData key="deleted" value="{=${EditModel>MSLPriceDeleted} ? 'yes' : 'no'}" writeToDom="true"/>
							</customData>
						</Text>
					</uiTable:template>
				</uiTable:Column>
				<uiTable:Column width="4rem">
					<uiTable:multiLabels>
						<Label text="{i18n>Per}"/>
						<Label text="{i18n>New}" textAlign="Center" width="100%"/>
					</uiTable:multiLabels>
					<uiTable:template>
						<Input valueState="{EditModel>NewPerStatus}" value="{EditModel>NewPer}" change="onLineChange"
							enabled="{= ${EditModel>MSLPriceChanged} === 'D'? false : true}">
							<customData>
								<core:CustomData key="flag" value="PerFlag"/>
							</customData>
						</Input>
					</uiTable:template>
				</uiTable:Column>
				<!--<uiTable:Column headerSpan='2,1' width="5.5rem" sortProperty="EditModel>NewConditionKey" showSortMenuEntry="true">-->
				<!--	<uiTable:multiLabels >-->
				<!--		<Label text="{i18n>TID}" textAlign="Center" width="100%"/>-->
				<!--		<Label text="{i18n>Old}" textAlign="Center" width="100%"/>-->
				<!--	</uiTable:multiLabels>-->
				<!--	<uiTable:template>-->
				<!--		<Text text="{EditModel>OldConditionKeyDesc}">-->
				<!--			<customData>-->
				<!--				<core:CustomData key="deleted" value="{=${EditModel>MSLPriceDeleted} ? 'yes' : 'no'}" writeToDom="true"/>-->
				<!--			</customData>-->
				<!--		</Text>-->
				<!--	</uiTable:template>-->
				<!--</uiTable:Column>-->
				<uiTable:Column hAlign="Center" width="9rem">
					<uiTable:multiLabels>
						<Label text="{i18n>FreightIncl}" textAlign="Center"/>
					</uiTable:multiLabels>
					<uiTable:template>
						<HBox justifyContent="Center" class="productFlag">
							<Switch class="switchLabel" change="onSwitchChange" customTextOn="{i18n>Std}" customTextOff="{i18n>Bulk}"
								state="{EditModel>NewPriceInclFreight}" visible="{= ${EditModel>MSLPriceChanged} === 'D' ? false : true}">
								<customData>
									<core:CustomData key="flag" value="PriceInclFreightFlag"/>
									<core:CustomData key="changed" value="{=${EditModel>PriceInclFreightFlag} ? 'yes' : 'no'}" writeToDom="true"/>
								</customData>
							</Switch>
							<Text text="{=${EditModel>NewPriceInclFreight} ? ${i18n>Std} : ${i18n>Std} }"
								visible="{= ${EditModel>MSLPriceChanged} === 'D' ? true : false}">
								<customData>
									<core:CustomData key="deleted" value="{=${EditModel>MSLPriceDeleted} ? 'yes' : 'no'}" writeToDom="true"/>
								</customData>
							</Text>
						</HBox>
					</uiTable:template>
				</uiTable:Column>
				<uiTable:Column hAlign="Center" width="5rem">
					<uiTable:multiLabels>
						<Label text="{i18n>Bid}" textAlign="Center"/>
					</uiTable:multiLabels>
					<uiTable:template>
						<HBox justifyContent="Center" class="productFlag">
							<Switch change="onSwitchChange" customTextOn="{i18n>Yes}" customTextOff="{i18n>No}" state="{EditModel>NewGovtBids}"
								visible="{= ${EditModel>MSLPriceChanged} === 'D'? false : true}">
								<customData>
									<core:CustomData key="flag" value="GovtBidsFlag"/>
									<core:CustomData key="changed" value="{=${EditModel>GovtBidsFlag} ? 'yes' : 'no'}" writeToDom="true"/>
								</customData>
							</Switch>
							<Text text="{=${EditModel>NewGovtBids} ? ${i18n>Yes} : ${i18n>No} }" visible="{= ${EditModel>MSLPriceChanged} === 'D' ? true : false}">
								<customData>
									<core:CustomData key="deleted" value="{=${EditModel>MSLPriceDeleted} ? 'yes' : 'no'}" writeToDom="true"/>
								</customData>
							</Text>
						</HBox>
					</uiTable:template>
				</uiTable:Column>
				<uiTable:Column hAlign="Center" width="7rem">
					<uiTable:multiLabels>
						<Label text="{i18n>OriginalAgreement}" textAlign="Center"/>
					</uiTable:multiLabels>
					<uiTable:template>
						<HBox justifyContent="Center" class="productFlag">
							<Switch change="onSwitchChange" customTextOn="{i18n>Yes}" customTextOff="{i18n>No}" state="{EditModel>NewOriginalAgreement}"
								visible="{= ${EditModel>MSLPriceChanged} === 'D'? false : true}">
								<customData>
									<core:CustomData key="flag" value="OriginalAgreementFlag"/>
									<core:CustomData key="changed" value="{=${EditModel>OriginalAgreementFlag} ? 'yes' : 'no'}" writeToDom="true"/>
								</customData>
							</Switch>
							<Text text="{=${EditModel>NewOriginalAgreement} ? ${i18n>Yes} : ${i18n>No} }"
								visible="{= ${EditModel>MSLPriceChanged} === 'D' ? true : false}">
								<customData>
									<core:CustomData key="deleted" value="{=${EditModel>MSLPriceDeleted} ? 'yes' : 'no'}" writeToDom="true"/>
								</customData>
							</Text>
						</HBox>
					</uiTable:template>
				</uiTable:Column>
				<uiTable:Column width="55px" hAlign="Center">
					<uiTable:multiLabels>
						<Label text=""/>
					</uiTable:multiLabels>
					<uiTable:template >
						<HBox justifyContent="SpaceBetween">
							<core:Icon src="sap-icon://delete" color="red" press="onMSLPriceDeletePress" visible="{= ${EditModel>MSLPriceChanged} !== 'D'}"/>
							<core:Icon src="sap-icon://undo" color="black" press="onMSLPriceDeleteUndoPress" visible="{= ${EditModel>MSLPriceChanged} === 'D'}"/>
							<core:Icon
								src="{=${EditModel>MSLPriceChanged} === 'U' ? 'sap-icon://request' : ${EditModel>MSLPriceChanged} === 'D' ? 'sap-icon://delete' : ${EditModel>MSLPriceChanged} === 'N' ? 'sap-icon://add-document' : ${EditModel>MSLPriceChanged} === 'I' ? 'sap-icon://add-document' : ''}"
								visible="{= ${EditModel>MSLPriceChanged} !== 'E'}"/>
							<core:Icon src="sap-icon://error" color="red" press="handleMessagePress" useIconTooltip="true" tooltip="{EditModel>Message}"
								visible="{= ${EditModel>ChangeFlag} === 'E' ? true : false}"/>
						</HBox>
					</uiTable:template>
				</uiTable:Column>
			</uiTable:columns>
			<uiTable:customData>
				<core:CustomData key="table" value="MSLPrice"/>
			</uiTable:customData>
		</uiTable:Table>
	</Panel>
</core:FragmentDefinition>