<core:FragmentDefinition xmlns:form="sap.ui.layout.form" xmlns:core="sap.ui.core" xmlns:commons="sap.suite.ui.commons"
	xmlns:mvc="sap.ui.core.mvc" xmlns="sap.m" height="100rem">
	<commons:Timeline enableBackendFilter="false" enableScroll="false" class="timedesign" showHeaderBar="false" showIcons="false">
		<commons:content>
			<commons:TimelineItem class="EditNotesTextarea">
				<commons:embeddedControl>
					<VBox class="EditNotesTextarea">
						<Text id="idNoteText" class="sapUiTinyMarginTop"
							text="{parts:[{path:'NotesModel>/Notes/NoteText'}],formatter:'.formatter.handleEditNotesText'}" visible="true"/>
						<TextArea id="idNoteTextArea" height="15em" width="40em" value="{NotesModel>/Notes/NoteText}" visible="false"/>
						<Link id="idNoteEdit" text="Edit" class="sapUiTinyMarginTop" press="onClickEdit" visible="true"/>
						<Link id="idNoteDone" text="Done" press="onClickDone" visible="false"/>
					</VBox>
				</commons:embeddedControl>
			</commons:TimelineItem>
		</commons:content>
	</commons:Timeline>
</core:FragmentDefinition>