<core:FragmentDefinition xmlns:f="sap.ui.layout.form" xmlns:l="sap.ui.layout" xmlns:core="sap.ui.core" xmlns:u="sap.ui.unified"
	xmlns:mvc="sap.ui.core.mvc" xmlns="sap.m" xmlns:uiTable="sap.ui.table" xmlns:custom="com.ecolab.ZASBMasterAgr.custom">
	<Panel expandable="true" expanded="false" headerText="{i18n>OnInvoiceDiscounts}" width="auto" class="borderbottoms"
		id="OnInvoiceDiscountsPanel">
		<content>
			<uiTable:Table selectionMode="None" rows="{EditModel>/EditableOnInvoiceDiscountSet}" class="EditableOnInvoiceDiscount" visibleRowCount="5"
				id="IdOnInvoiceDiscountTable">
				<uiTable:extension>
					<HBox justifyContent="End">
						<Button text="{i18n>Add}" icon="sap-icon://add" press="onAddOnInvoiceDiscountPress"/>
					</HBox>
				</uiTable:extension>
				<uiTable:columns>
					<uiTable:Column width="25%">
						<uiTable:multiLabels>
							<Label text="{i18n>ConditionType}"/>
						</uiTable:multiLabels>
						<uiTable:template>
							<ComboBox width="100%" valueState="{EditModel>ConditionKeyState}"
								items="{path: 'ConditionModel>/OnInvoiceDiscount/FieldProperties/KeyValueSet/results/', templateShareable:true}"
								selectedKey="{EditModel>ConditionKey}" selectionChange="onOnInvoiceDiscountsConditionType"
								enabled="{= ${EditModel>ChangeFlag} === 'N'? true : false}">
								<core:Item key="{ConditionModel>Key}" text="{ConditionModel>Value}"/>
								<customData>
									<core:CustomData key="deleted" value="{= ${EditModel>ChangeFlag} === 'D'? 'yes' : 'no'}" writeToDom="true"/>
								</customData>
							</ComboBox>
						</uiTable:template>
					</uiTable:Column>
					<uiTable:Column width="19%">
						<uiTable:multiLabels>
							<Label text="{i18n>SoldToDescription}"/>
						</uiTable:multiLabels>
						<uiTable:template>
							<VBox>
								<Text text="{path:'EditModel>CustomerNumber',formatter:'.formatter.trimLeadingZerosSubstr'}" visible="{=!${EditModel>CustomerEditable}}">
									<customData>
										<core:CustomData key="deleted" value="{=${EditModel>ChangeFlag} ==='D'? 'yes' : 'no'}" writeToDom="true"/>
									</customData>
								</Text>
								<Input valueState="{EditModel>CustomerNumberState}" value="{EditModel>CustomerNumber}" visible="{EditModel>CustomerEditable}"
									showValueHelp="true" valueHelpRequest="onCustomerVHPress" change="onCustomerNumberChange">
									<customData>
										<core:CustomData key="flag" value="OnInvoiceDiscountsCustomer"/>
									</customData>
								</Input>
								<Text text="{EditModel>CustomerDesc}" visible="{=!${EditModel>CustomerEditable}}">
									<customData>
										<core:CustomData key="deleted" value="{=${EditModel>ChangeFlag} ==='D'? 'yes' : 'no'}" writeToDom="true"/>
									</customData>
								</Text>
							</VBox>
						</uiTable:template>
					</uiTable:Column>
					<uiTable:Column width="19%">
						<uiTable:multiLabels>
							<Label text="{i18n>MaterialPriceGroupDesc}" textAlign="Center" width="100%"/>
						</uiTable:multiLabels>
						<uiTable:template>
							<VBox visible="{= ${EditModel>ConditionKey} === 'Z1VL657' || ${EditModel>ConditionKey} === 'Z1VR657' ? true : false }">
								<custom:ComboBox id="OnInvoicesPriceGroupControl" showSecondaryValues="true" selectedKey="{EditModel>PriceGroup}"
									valueState="{EditModel>PriceGroupState}" change="checkDuplicateOnInvoiceDiscountsPriceGroup"
									enabled="{= ${EditModel>PriceGroup} === '' ? true : false }" items="{ path: 'DropdownModel>/PriceGroup', templateShareable : true }">
									<core:ListItem key="{DropdownModel>Key}" text="{DropdownModel>Value}" additionalText="{DropdownModel>Key}"/>
								</custom:ComboBox>
							</VBox>
						</uiTable:template>
					</uiTable:Column>
					<!--<uiTable:Column width="20%">
						<uiTable:multiLabels>
							<Label text="{i18n>MaterialTypeDesc}" textAlign="Center" width="100%"/>
						</uiTable:multiLabels>
						<uiTable:template>
							<VBox visible="{= ${EditModel>ConditionKey} === 'Z1VL662' ? true : false }">
								<custom:ComboBox id="OnInvoicesMaterialTypeControl" showSecondaryValues="true" selectedKey="{EditModel>MaterialType}"
									valueState="{EditModel>MaterialTypeState}" change="checkDuplicateOnInvoiceDiscountsMaterialType"
									enabled="{= ${EditModel>MaterialType} === '' ? true : false }" items="{ path: 'DropdownModel>/MaterialType', templateShareable : true }">
									<core:ListItem key="{DropdownModel>Key}" text="{DropdownModel>Value}" additionalText="{DropdownModel>Key}"/>
								</custom:ComboBox>
							</VBox>
						</uiTable:template>
					</uiTable:Column>-->
					<uiTable:Column headerSpan='2,1' width="7%">
						<uiTable:multiLabels >
							<Label text="{i18n>DiscountsRate}" textAlign="Center" width="100%"/>
							<Label text="{i18n>Old}" textAlign="Center" width="100%"/>
						</uiTable:multiLabels>
						<uiTable:template>
							<Text text="{=${EditModel>Currency} === 'USD' ? '$' : ${EditModel>Currency} === 'CAD' ? 'C$' : ${Currency}} {EditModel>OldRate} "
								textAlign="Center">
								<customData>
									<core:CustomData key="deleted" value="{=${EditModel>ChangeFlag} === 'D' ? 'yes' : 'no'}" writeToDom="true"/>
								</customData>
							</Text>
						</uiTable:template>
					</uiTable:Column>
					<uiTable:Column width="7%">
						<uiTable:multiLabels>
							<Label text="{i18n>DiscountsRate}"/>
							<Label text="{i18n>New}" textAlign="Center" width="100%"/>
						</uiTable:multiLabels>
						<uiTable:template>
							<Input valueState="{EditModel>RateState}" value="{path:'EditModel>Rate'}" type="Number"
								enabled="{= ${EditModel>ChangeFlag} === 'D'? false : true}" change="clearInputErrorState" liveChange="limitDiscountOffRateValue">
								<customData>
									<core:CustomData key="flag" value="RateFlag"/>
								</customData>
							</Input>
						</uiTable:template>
					</uiTable:Column>
					<uiTable:Column width="1%" hAlign="Center">
						<uiTable:multiLabels>
							<Label text=""/>
						</uiTable:multiLabels>
						<uiTable:template >
							<HBox justifyContent="SpaceBetween">
								<core:Icon class="sapUiTinyMarginEnd" src="sap-icon://delete" color="red" press="onLineDeletePress"
									visible="{= ${EditModel>ChangeFlag} !== 'D'}">
									<core:customData>
										<core:CustomData key="table" value="OnInvoiceDiscounts"/>
										<core:CustomData key="path" value="/EditableOnInvoiceDiscountSet"/>
									</core:customData>
								</core:Icon>
								<core:Icon class="sapUiTinyMarginEnd" src="sap-icon://undo" color="black" press="onOnInvoiceDiscountsUndoPress"
									visible="{= ${EditModel>ChangeFlag} === 'D'}"></core:Icon>
								<core:Icon class="sapUiTinyMarginEnd"
									src="{=${EditModel>ChangeFlag} === 'U' ? 'sap-icon://request' : ${EditModel>ChangeFlag} === 'D' ? 'sap-icon://delete' : ${EditModel>ChangeFlag} === 'N' ? 'sap-icon://add-document' : ${EditModel>ChangeFlag} === 'I' ? 'sap-icon://add-document' : ''}"
									visible="{= ${EditModel>ChangeFlag} !== 'E'}"/>
								<core:Icon class="sapUiTinyMarginEnd" src="sap-icon://error" color="red" press="handleDiscountsOffErrorMessagePress" useIconTooltip="true"
									tooltip="{EditModel>Message}" visible="{= ${EditModel>ChangeFlag} === 'E' ? true : false}"/>
							</HBox>
						</uiTable:template>
					</uiTable:Column>
				</uiTable:columns>
				<uiTable:customData>
					<core:CustomData key="table" value="OnInvoiceDiscounts"/>
				</uiTable:customData>
			</uiTable:Table>
		</content>
	</Panel>
</core:FragmentDefinition>