<core:FragmentDefinition xmlns:f="sap.ui.layout.form" xmlns:l="sap.ui.layout" xmlns:core="sap.ui.core" xmlns:u="sap.ui.unified"
	xmlns:mvc="sap.ui.core.mvc" xmlns="sap.m" xmlns:uiTable="sap.ui.table">
	<Panel expandable="true" expanded="false" headerText="{i18n>DirectCustomerPriceException}" width="auto" id="EditPriceExpPanel"
		class="borderbottoms sapUiSizeCompact EditProductsTable">
		<uiTable:Table selectionMode="None" rows="{EditModel>/EditablePriceExceptions}" visibleRowCount="5" id="EditPriceExcepTable">
			<uiTable:extension>
				<HBox justifyContent="End">
					<Button text="{i18n>Add}" icon="sap-icon://add" press="onAddPriceExpPress"/>
				</HBox>
			</uiTable:extension>
			<uiTable:columns>
				<uiTable:Column width="12rem">
					<uiTable:multiLabels>
						<Label text="{i18n>SoldToDescription}"/>
					</uiTable:multiLabels>
					<uiTable:template>
						<VBox>
							<Text text="{path:'EditModel>CustomerNumber',formatter:'.formatter.trimLeadingZerosSubstr'}" visible="{=!${EditModel>CustomerEditable}}">
								<customData>
									<core:CustomData key="deleted" value="{=${EditModel>PriceExpDeleted} ? 'yes' : 'no'}" writeToDom="true"/>
								</customData>
							</Text>
							<Input valueState="{EditModel>CustomerNumberState}" value="{EditModel>CustomerNumber}" visible="{EditModel>CustomerEditable}"
								showValueHelp="true" valueHelpRequest="onCustomerVHPress" change="onCustomerNumberChange">
								<customData>
									<core:CustomData key="flag" value="PriceExpCustomer" writeToDom="true"/>
								</customData>
							</Input>
							<Text text="{EditModel>CustomerDesc}">
								<customData>
									<core:CustomData key="deleted" value="{=${EditModel>PriceExpDeleted} ? 'yes' : 'no'}" writeToDom="true"/>
								</customData>
							</Text>
						</VBox>
					</uiTable:template>
				</uiTable:Column>
				<uiTable:Column width="12rem">
					<uiTable:multiLabels>
						<Label text="{i18n>MaterialNumAndDesc}"/>
					</uiTable:multiLabels>
					<uiTable:template>
						<VBox>
							<Label text="{EditModel>MaterialNumber}" visible="{=!${EditModel>MaterialEditable}}">
								<customData>
									<core:CustomData key="deleted" value="{=${EditModel>PriceExpDeleted} ? 'yes' : 'no'}" writeToDom="true"/>
								</customData>
							</Label>
							<Input valueState="{EditModel>MaterialNumberState}" value="{EditModel>MaterialNumber}" visible="{EditModel>MaterialEditable}"
								showValueHelp="true" change="onMaterialNumberChange" valueHelpRequest="onEditProductsMaterialVHPress">
								<customData>
									<core:CustomData key="flag" value="PriceExpMN" writeToDom="true"/>
								</customData>
							</Input>
							<Text text="{EditModel>MaterialDesc}">
								<customData>
									<core:CustomData key="deleted" value="{=${EditModel>PriceExpDeleted} ? 'yes' : 'no'}" writeToDom="true"/>
								</customData>
							</Text>
						</VBox>
					</uiTable:template>
				</uiTable:Column>
				<uiTable:Column headerSpan='2,1' width="5rem">
					<uiTable:multiLabels >
						<Label text="{i18n>ExceptionRate}" textAlign="Center" width="100%"/>
						<Label text="{i18n>Old}" textAlign="Center" width="100%"/>
					</uiTable:multiLabels>
					<uiTable:template>
						<HBox>
							<Label text="{=${EditModel>Currency} === 'USD' ? '$' : ${EditModel>Currency} === 'CAD' ? 'C$' : ${Currency}} {EditModel>OldRate} "
								textAlign="Center" class="maLabelIsChPending" visible="{EditModel>IsChPending}" tooltip="{i18n>upcomingrate}">
								<customData>
									<core:CustomData key="deleted" value="{=${EditModel>PriceExpDeleted} ? 'yes' : 'no'}" writeToDom="true"/>
								</customData>
							</Label>
							<Text text="{=${EditModel>Currency} === 'USD' ? '$' : ${EditModel>Currency} === 'CAD' ? 'C$' : ${Currency}} {EditModel>OldRate} "
								textAlign="Center" visible="{= ${EditModel>IsChPending} ? false : true}">
								<customData>
									<core:CustomData key="deleted" value="{=${EditModel>PriceExpDeleted} ? 'yes' : 'no'}" writeToDom="true"/>
								</customData>
							</Text>
						</HBox>
					</uiTable:template>
				</uiTable:Column>
				<uiTable:Column width="5rem">
					<uiTable:multiLabels>
						<Label text="{i18n>ExceptionRate}"/>
						<Label text="{i18n>New}" textAlign="Center" width="100%"/>
					</uiTable:multiLabels>
					<uiTable:template>
						<Input valueState="{= ${EditModel>ValidRate} ? 'None' : 'Error'}" value="{path:'EditModel>NewRate'}"
							enabled="{= ${EditModel>PriceExpChanged} === 'D'? false : true}" type="Number" change="onLineChange">
							<customData>
								<core:CustomData key="flag" value="PriceExpRateFlag"/>
							</customData>
						</Input>
					</uiTable:template>
				</uiTable:Column>
				<uiTable:Column width="1.8rem" sortProperty="EditModel>PPSeverity" showSortMenuEntry="true">
					<uiTable:multiLabels>
						<Label text=""/>
					</uiTable:multiLabels>
					<uiTable:template>
						<HBox justifyContent="SpaceBetween">
							<core:Icon src="sap-icon://alert"
								color="{= ${EditModel>PPSeverity} === '5' ? '#bfbfbf' : ${EditModel>PPSeverity} === '4' ? '#FFD700' : ${EditModel>PPSeverity} === '3' ? '#FF8C00' : 'red'}"
								press="handleMessagePress" tooltip="{EditModel>PPViolationText}" visible="{EditModel>HasPPViolation}"/>
						</HBox>
					</uiTable:template>
				</uiTable:Column>
				<uiTable:Column minWidth="4rem" width="4rem" hAlign="Center" sortProperty="EditModel>DivisionDesc" showSortMenuEntry="true">
					<uiTable:multiLabels>
						<Label text="{i18n>DivisionDesc}"/>
					</uiTable:multiLabels>
					<uiTable:template>
						<HBox justifyContent="Center">
							<Text text="{EditModel>DivisionDesc}"></Text>
						</HBox>
					</uiTable:template>
				</uiTable:Column>
				<uiTable:Column headerSpan='2,1' width="4rem" hAlign="Center">
					<uiTable:multiLabels >
						<Label text="{i18n>Per}" textAlign="Center" width="100%"/>
						<Label text="{i18n>Old}" textAlign="Center" width="100%"/>
					</uiTable:multiLabels>
					<uiTable:template>
						<Text text="{EditModel>OldPer}" textAlign="Center">
							<customData>
								<core:CustomData key="deleted" value="{=${EditModel>PriceExpDeleted} ? 'yes' : 'no'}" writeToDom="true"/>
							</customData>
						</Text>
					</uiTable:template>
				</uiTable:Column>
				<uiTable:Column width="4rem">
					<uiTable:multiLabels>
						<Label text="{i18n>Per}"/>
						<Label text="{i18n>New}" textAlign="Center" width="100%"/>
					</uiTable:multiLabels>
					<uiTable:template>
						<Input valueState="{EditModel>NewPerStatus}" value="{EditModel>NewPer}" enabled="{= ${EditModel>PriceExpChanged} === 'D'? false : true}"
							change="onLineChange">
							<customData>
								<core:CustomData key="flag" value="PerFlag"/>
							</customData>
						</Input>
					</uiTable:template>
				</uiTable:Column>
				<uiTable:Column headerSpan='2,1' width="7rem" sortProperty="EditModel>NewConditionKey" showSortMenuEntry="true">
					<uiTable:multiLabels >
						<Label text="{i18n>Conditions}" textAlign="Center" width="100%"/>
						<Label text="{i18n>Old}" textAlign="Center" width="100%"/>
					</uiTable:multiLabels>
					<uiTable:template>
						<Text text="{EditModel>OldConditionKeyDesc}">
							<customData>
								<core:CustomData key="deleted" value="{=${EditModel>PriceExpDeleted} ? 'yes' : 'no'}" writeToDom="true"/>
							</customData>
						</Text>
					</uiTable:template>
				</uiTable:Column>
				<uiTable:Column width="8rem">
					<uiTable:multiLabels>
						<Label text="{i18n>Conditions}"/>
						<Label text="{i18n>New}" textAlign="Center" width="100%"/>
					</uiTable:multiLabels>
					<uiTable:template>
						<ComboBox change="onLineChange" items="{path: 'ConditionModel>/Product/FieldProperties/KeyValueSet/results/', templateShareable:true}"
							selectedKey="{EditModel>NewConditionKey}" enabled="{= ${EditModel>PriceExpChanged} === 'D'? false : true}">
							<core:Item key="{ConditionModel>Key}"
								text="{ConditionModel>Value}{= ${ConditionModel>Value} === '' ? '' : ' - ' }{ConditionModel>AdditionalText}"/>
							<customData>
								<core:CustomData key="flag" value="PriceExpConditionKeyFlag"/>
							</customData>
						</ComboBox>
					</uiTable:template>
				</uiTable:Column>
				<uiTable:Column hAlign="Center" width="9rem">
					<uiTable:multiLabels>
						<Label text="{i18n>FreightIncl}" textAlign="Center"/>
					</uiTable:multiLabels>
					<uiTable:template>
						<HBox justifyContent="Center" class="productFlag">
							<Switch class="switchLabel" change="onSwitchChange" customTextOn="{i18n>Std}" customTextOff="{i18n>Bulk}"
								state="{EditModel>NewPriceInclFreight}" visible="{= ${EditModel>PriceExpChanged} === 'D' ? false : true}">
								<customData>
									<core:CustomData key="flag" value="PriceExpPriceInclFreightFlag"/>
									<core:CustomData key="changed" value="{=${EditModel>PriceExpPriceInclFreightFlag} ? 'yes' : 'no'}" writeToDom="true"/>
								</customData>
							</Switch>
							<Text text="{=${EditModel>NewPriceInclFreight} ? ${i18n>Std} : ${i18n>Std} }"
								visible="{= ${EditModel>PriceExpChanged} === 'D' ? true : false}">
								<customData>
									<core:CustomData key="deleted" value="{=${EditModel>PriceExpDeleted} ? 'yes' : 'no'}" writeToDom="true"/>
								</customData>
							</Text>
						</HBox>
					</uiTable:template>
				</uiTable:Column>
				<uiTable:Column width="55px" hAlign="Center">
					<uiTable:multiLabels>
						<Label text=""/>
					</uiTable:multiLabels>
					<uiTable:template >
						<HBox justifyContent="SpaceBetween">
							<core:Icon src="sap-icon://delete" color="red" press="onLineDeletePress" visible="{= ${EditModel>PriceExpChanged} !== 'D'}">
								<core:customData>
									<core:CustomData key="table" value="PriceException"/>
									<core:CustomData key="path" value="/EditablePriceExceptions"/>
								</core:customData>
							</core:Icon>
							<core:Icon src="sap-icon://undo" color="black" press="onPriceExcepDeleteUndoPress" visible="{= ${EditModel>PriceExpChanged} === 'D'}"/>
							<core:Icon
								src="{=${EditModel>PriceExpChanged} === 'U' ? 'sap-icon://request' : ${EditModel>PriceExpChanged} === 'D' ? 'sap-icon://delete' : ${EditModel>PriceExpChanged} === 'I' ? 'sap-icon://add-document' : ''}"/>
						</HBox>
					</uiTable:template>
				</uiTable:Column>
			</uiTable:columns>
			<uiTable:customData>
				<core:CustomData key="table" value="PriceException"/>
			</uiTable:customData>
		</uiTable:Table>
	</Panel>
</core:FragmentDefinition>