<core:FragmentDefinition xmlns:f="sap.ui.layout.form" xmlns:l="sap.ui.layout" xmlns:core="sap.ui.core" xmlns:u="sap.ui.unified"
	xmlns:mvc="sap.ui.core.mvc" xmlns="sap.m" xmlns:uiTable="sap.ui.table">
	<Panel id="EditProdutsPanel" expandable="true" expanded="false" headerText="{i18n>Products}" width="auto"
		class="borderbottoms sapUiSizeCompact EditProductsTable">
		<uiTable:Table selectionMode="None" rows="{EditModel>/EditableProducts}" visibleRowCount="10" id="EditProductsTable">
			<uiTable:extension>
				<HBox alignItems="Center" justifyContent="End">
					<!--<Button class="sapUiSmallMarginEnd" type="Emphasized" icon="sap-icon://sort" press="ProductsSortPress">
						<customData>
							<core:CustomData key="SortKey" value="Sort"/>
						</customData>
					</Button>-->
					<u:FileUploader class="sapUiTinyMarginTop" id="idProductsFileUploader" name="cidFileUpload" buttonText="{i18n>UPLOAD}" sameFilenameAllowed="true"
						tooltip="{i18n>IMPORT_FROM_EXCEL_BTN_TOOLTIP}" change="onProductsUpload" uploadComplete="onProductUploadComplete"
						typeMissmatch="onTypeMissmatch" useMultipart="true" fileType="xls,xlsx" icon="sap-icon://upload" buttonOnly="true" maximumFileSize="5"
						fileSizeExceed="onFileSizeExceed"/>
					<Button class="productAddBtn" text="{i18n>Add}" icon="sap-icon://add" press="onAddProductPress"/>
				</HBox>
			</uiTable:extension>
			<uiTable:columns>
				<uiTable:Column width="5.5rem" sortProperty="EditModel>MaterialNumber" showSortMenuEntry="true">
					<uiTable:multiLabels>
						<Label text="{i18n>MaterialNum}"/>
					</uiTable:multiLabels>
					<uiTable:template>
						<HBox class="allowProduct">
							<Text text="{EditModel>MaterialNumber}" visible="{=!${EditModel>MaterialEditable}}">
								<customData>
									<core:CustomData key="deleted" value="{=${EditModel>ProductDeleted} ? 'yes' : 'no'}" writeToDom="true"/>
								</customData>
							</Text>
							<Input valueState="{EditModel>MaterialNumberStatus}" value="{EditModel>MaterialNumber}" visible="{EditModel>MaterialEditable}"
								showValueHelp="true" change="onMaterialNumberChange" valueHelpRequest="onEditProductsMaterialVHPress">
								<customData>
									<core:CustomData key="flag" value="ProductsMN" writeToDom="true"/>
								</customData>
							</Input>
						</HBox>
					</uiTable:template>
				</uiTable:Column>
				<uiTable:Column sortProperty="EditModel>MaterialDesc" showSortMenuEntry="true">
					<uiTable:multiLabels>
						<Label text="{i18n>Description}"/>
					</uiTable:multiLabels>
					<uiTable:template>
						<Text text="{EditModel>MaterialDesc}">
							<customData>
								<core:CustomData key="deleted" value="{=${EditModel>ProductDeleted} ? 'yes' : 'no'}" writeToDom="true"/>
							</customData>
						</Text>
					</uiTable:template>
				</uiTable:Column>
				<uiTable:Column headerSpan='2,1' width="6rem" hAlign="Center">
					<uiTable:multiLabels >
						<Label text="{i18n>Rate}" textAlign="Center" width="100%"/>
						<Label text="{i18n>Old}" textAlign="Center" width="100%"/>
					</uiTable:multiLabels>
					<uiTable:template>
						<HBox>
							<Label text="{=${EditModel>Currency} === 'USD' ? '$' : ${EditModel>Currency} === 'CAD' ? 'C$' : ${Currency}} {EditModel>OldRate} "
								textAlign="Center" class="maLabelIsChPending" visible="{EditModel>IsChPending}" tooltip="{i18n>upcomingrate}">
								<customData>
									<core:CustomData key="deleted" value="{=${EditModel>ProductDeleted} ? 'yes' : 'no'}" writeToDom="true"/>
								</customData>
							</Label>
							<Text text="{=${EditModel>Currency} === 'USD' ? '$' : ${EditModel>Currency} === 'CAD' ? 'C$' : ${Currency}} {EditModel>OldRate} "
								textAlign="Center" visible="{= ${EditModel>IsChPending} ? false : true}">
								<customData>
									<core:CustomData key="deleted" value="{=${EditModel>ProductDeleted} ? 'yes' : 'no'}" writeToDom="true"/>
								</customData>
							</Text>
						</HBox>
					</uiTable:template>
				</uiTable:Column>
				<uiTable:Column width="6rem">
					<uiTable:multiLabels>
						<Label text="{i18n>Rate}"/>
						<Label text="{i18n>New}" textAlign="Center" width="100%"/>
					</uiTable:multiLabels>
					<uiTable:template>
						<Input valueState="{= ${EditModel>ValidRate} ? 'None' : 'Error'}" value="{path:'EditModel>NewRate'}" type="Number" change="onLineChange"
							enabled="{= ${EditModel>ProductChanged} === 'D'? false : true}">
							<customData>
								<core:CustomData key="flag" value="RateFlag"/>
							</customData>
						</Input>
					</uiTable:template>
				</uiTable:Column>
				<uiTable:Column width="2rem" sortProperty="EditModel>PPSeverity" showSortMenuEntry="true">
					<uiTable:multiLabels>
						<Label text=""/>
					</uiTable:multiLabels>
					<uiTable:template>
						<HBox justifyContent="SpaceBetween">
							<core:Icon src="sap-icon://alert"
								color="{= ${EditModel>PPSeverity} === '5' ? '#bfbfbf' : ${EditModel>PPSeverity} === '4' ? '#FFD700' : ${EditModel>PPSeverity} === '3' ? '#FF8C00' : 'red'}"
								press="handleMessagePress" tooltip="{EditModel>PPViolationText}" visible="{EditModel>HasPPViolation}"/>
						</HBox>
					</uiTable:template>
				</uiTable:Column>
				<uiTable:Column minWidth="4rem" width="4rem" hAlign="Center" sortProperty="EditModel>DivisionDesc" showSortMenuEntry="true">
					<uiTable:multiLabels>
						<Label text="{i18n>DivisionDesc}"/>
					</uiTable:multiLabels>
					<uiTable:template>
						<HBox justifyContent="Center">
							<Text text="{EditModel>DivisionDesc}"></Text>
						</HBox>
					</uiTable:template>
				</uiTable:Column>
				<uiTable:Column headerSpan='2,1' width="4rem" hAlign="Center">
					<uiTable:multiLabels >
						<Label text="{i18n>Per}" textAlign="Center" width="100%"/>
						<Label text="{i18n>Old}" textAlign="Center" width="100%"/>
					</uiTable:multiLabels>
					<uiTable:template>
						<Text text="{EditModel>OldPer}" textAlign="Center">
							<customData>
								<core:CustomData key="deleted" value="{=${EditModel>ProductDeleted} ? 'yes' : 'no'}" writeToDom="true"/>
							</customData>
						</Text>
					</uiTable:template>
				</uiTable:Column>
				<uiTable:Column width="4rem">
					<uiTable:multiLabels>
						<Label text="{i18n>Per}"/>
						<Label text="{i18n>New}" textAlign="Center" width="100%"/>
					</uiTable:multiLabels>
					<uiTable:template>
						<Input valueState="{EditModel>NewPerStatus}" value="{EditModel>NewPer}" change="onLineChange"
							enabled="{= ${EditModel>ProductChanged} === 'D'? false : true}">
							<customData>
								<core:CustomData key="flag" value="PerFlag"/>
							</customData>
						</Input>
					</uiTable:template>
				</uiTable:Column>
				<uiTable:Column headerSpan='2,1' width="5.5rem" sortProperty="EditModel>NewConditionKey" showSortMenuEntry="true">
					<uiTable:multiLabels >
						<Label text="{i18n>Conditions}" textAlign="Center" width="100%"/>
						<Label text="{i18n>Old}" textAlign="Center" width="100%"/>
					</uiTable:multiLabels>
					<uiTable:template>
						<Text text="{EditModel>OldConditionKeyDesc}">
							<customData>
								<core:CustomData key="deleted" value="{=${EditModel>ProductDeleted} ? 'yes' : 'no'}" writeToDom="true"/>
							</customData>
						</Text>
					</uiTable:template>
				</uiTable:Column>
				<uiTable:Column width="7rem">
					<uiTable:multiLabels>
						<Label text="{i18n>Conditions}"/>
						<Label text="{i18n>New}" textAlign="Center" width="100%"/>
					</uiTable:multiLabels>
					<uiTable:template>
						<!--Input value="{EditModel>NewConditionKey}"  enabled="{= ${EditModel>ProductChanged} === 'D'? false : true}">
							<core:Item key="{ConditionModel>Key}" text="{ConditionModel>Value}{= ${ConditionModel>Value}  === '' ? '' : ' - ' }{ConditionModel>AdditionalText}"/>
							<customData>
								<core:CustomData key="flag" value="ConditionKeyFlag"/>
							</customData>
						</Input-->
						<ComboBox change="onLineChange" items="{path: 'ConditionModel>/Product/FieldProperties/KeyValueSet/results/', templateShareable:true}"
							selectedKey="{EditModel>NewConditionKey}" enabled="{= ${EditModel>ProductChanged} === 'D'? false : true}">
							<core:Item key="{ConditionModel>Key}"
								text="{ConditionModel>Value}{= ${ConditionModel>Value} === '' ? '' : ' - ' }{ConditionModel>AdditionalText}"/>
							<customData>
								<core:CustomData key="flag" value="ConditionKeyFlag"/>
							</customData>
						</ComboBox>
					</uiTable:template>
				</uiTable:Column>
				<uiTable:Column hAlign="Center" width="9rem">
					<uiTable:multiLabels>
						<Label text="{i18n>FreightIncl}" textAlign="Center"/>
					</uiTable:multiLabels>
					<uiTable:template>
						<HBox justifyContent="Center" class="productFlag">
							<Switch class="switchLabel" change="onSwitchChange" customTextOn="{i18n>Std}" customTextOff="{i18n>Bulk}"
								state="{EditModel>NewPriceInclFreight}" visible="{= ${EditModel>ProductChanged} === 'D' ? false : true}">
								<customData>
									<core:CustomData key="flag" value="PriceInclFreightFlag"/>
									<core:CustomData key="changed" value="{=${EditModel>PriceInclFreightFlag} ? 'yes' : 'no'}" writeToDom="true"/>
								</customData>
							</Switch>
							<Text text="{=${EditModel>NewPriceInclFreight} ? ${i18n>Std} : ${i18n>Std} }"
								visible="{= ${EditModel>ProductChanged} === 'D' ? true : false}">
								<customData>
									<core:CustomData key="deleted" value="{=${EditModel>ProductDeleted} ? 'yes' : 'no'}" writeToDom="true"/>
								</customData>
							</Text>
						</HBox>
					</uiTable:template>
				</uiTable:Column>
				<uiTable:Column hAlign="Center" width="5rem">
					<uiTable:multiLabels>
						<Label text="{i18n>Bid}" textAlign="Center"/>
					</uiTable:multiLabels>
					<uiTable:template>
						<HBox justifyContent="Center" class="productFlag">
							<Switch change="onSwitchChange" customTextOn="{i18n>Yes}" customTextOff="{i18n>No}" state="{EditModel>NewGovtBids}"
								visible="{= ${EditModel>ProductChanged} === 'D'? false : true}">
								<customData>
									<core:CustomData key="flag" value="GovtBidsFlag"/>
									<core:CustomData key="changed" value="{=${EditModel>GovtBidsFlag} ? 'yes' : 'no'}" writeToDom="true"/>
								</customData>
							</Switch>
							<Text text="{=${EditModel>NewGovtBids} ? ${i18n>Yes} : ${i18n>No} }" visible="{= ${EditModel>ProductChanged} === 'D' ? true : false}">
								<customData>
									<core:CustomData key="deleted" value="{=${EditModel>ProductDeleted} ? 'yes' : 'no'}" writeToDom="true"/>
								</customData>
							</Text>
						</HBox>
					</uiTable:template>
				</uiTable:Column>
				<uiTable:Column hAlign="Center" width="7rem">
					<uiTable:multiLabels>
						<Label text="{i18n>OriginalAgreement}" textAlign="Center"/>
					</uiTable:multiLabels>
					<uiTable:template>
						<HBox justifyContent="Center" class="productFlag">
							<Switch change="onSwitchChange" customTextOn="{i18n>Yes}" customTextOff="{i18n>No}" state="{EditModel>NewOriginalAgreement}"
								visible="{= ${EditModel>ProductChanged} === 'D'? false : true}">
								<customData>
									<core:CustomData key="flag" value="OriginalAgreementFlag"/>
									<core:CustomData key="changed" value="{=${EditModel>OriginalAgreementFlag} ? 'yes' : 'no'}" writeToDom="true"/>
								</customData>
							</Switch>
							<Text text="{=${EditModel>NewOriginalAgreement} ? ${i18n>Yes} : ${i18n>No} }"
								visible="{= ${EditModel>ProductChanged} === 'D' ? true : false}">
								<customData>
									<core:CustomData key="deleted" value="{=${EditModel>ProductDeleted} ? 'yes' : 'no'}" writeToDom="true"/>
								</customData>
							</Text>
						</HBox>
					</uiTable:template>
				</uiTable:Column>
				<uiTable:Column width="55px" hAlign="Center">
					<uiTable:multiLabels>
						<Label text=""/>
					</uiTable:multiLabels>
					<uiTable:template >
						<HBox justifyContent="SpaceBetween">
							<core:Icon src="sap-icon://delete" color="red" press="onProductDeletePress" visible="{= ${EditModel>ProductChanged} !== 'D'}"/>
							<core:Icon src="sap-icon://undo" color="black" press="onProductDeleteUndoPress" visible="{= ${EditModel>ProductChanged} === 'D'}"/>
							<core:Icon
								src="{=${EditModel>ProductChanged} === 'U' ? 'sap-icon://request' : ${EditModel>ProductChanged} === 'D' ? 'sap-icon://delete' : ${EditModel>ProductChanged} === 'N' ? 'sap-icon://add-document' : ${EditModel>ProductChanged} === 'I' ? 'sap-icon://add-document' : ''}"
								visible="{= ${EditModel>ProductChanged} !== 'E'}"/>
							<core:Icon src="sap-icon://error" color="red" press="handleMessagePress" useIconTooltip="true" tooltip="{EditModel>Message}"
								visible="{= ${EditModel>ChangeFlag} === 'E' ? true : false}"/>
						</HBox>
					</uiTable:template>
				</uiTable:Column>
			</uiTable:columns>
			<uiTable:customData>
				<core:CustomData key="table" value="Products"/>
			</uiTable:customData>
		</uiTable:Table>
	</Panel>
</core:FragmentDefinition>