<core:FragmentDefinition xmlns="sap.m" xmlns:commons="sap.ui.commons" xmlns:core="sap.ui.core" xmlns:l="sap.ui.layout"
	xmlns:f="sap.ui.layout.form">
	<Dialog title="{i18n>SelectPriceGroup}" contentHeight="600px" class="sapUiSizeCompact">
		<content>
			<VBox>
				<SearchField id="idPriceGroup" placeholder="Price Group" search="onProgramTypeVHSearch"></SearchField>
				<SearchField id="idPriceGroupDescc" placeholder="Description" search="onProgramTypeVHSearch"></SearchField>
			</VBox>
			<List id="idProgramTypeList" items="{path:'/PriceGroupValueHelpSet',templateShareable : true}" growingThreshold="20"
				selectionChange="onProgramTypeVHConfirm" includeItemInSelection="false" enableBusyIndicator="true"
				mode="{= ${device>/system/phone} ? 'None' : 'SingleSelectMaster'}" rememberSelections="false" growing="true">
				<StandardListItem title="{PriceGroup}" info="{PriceGroupDesc}"/>
			</List>
		</content>
		<buttons>
			<Button text="{i18n>Cancel}" press="onProgramTypeVHCancel"/>
		</buttons>
	</Dialog>
</core:FragmentDefinition>