<core:FragmentDefinition xmlns:f="sap.ui.layout.form" xmlns:l="sap.ui.layout" xmlns:core="sap.ui.core" xmlns:u="sap.ui.unified"
	xmlns:mvc="sap.ui.core.mvc" xmlns="sap.m">
	<Dialog title="{i18n>ApprovalNotes}" contentHeight="150px">
		<content>
			<VBox class="sapUiSmallMargin">
				<Text text="{i18n>Notes}"/>
				<TextArea value="{EditModel>/ActorComment}" placeholder="{i18n>EnterNotes}" width="100%" growing="true"/>
			</VBox>
		</content>
		<buttons>
			<Button text="{i18n>Cancel}" type="Reject" press="onCancelSubmitPress"/>
			<Button text="{i18n>Submit}" type="Emphasized" press="onConfirmSubmitPress"/>
		</buttons>
	</Dialog>
</core:FragmentDefinition>