{
    "resources": [
        {
            "name": ".che/project.json"
        },
        {
            "name": ".gitignore"
        },
        {
            "name": "Component-dbg.js",
            "isDebug": true
        },
        {
            "name": "Component-preload.js",
            "merged": true
        },
        {
            "name": "Component.js"
        },
        {
            "name": "Gruntfile.js"
        },
        {
            "name": "controller/App-dbg.controller.js",
            "isDebug": true
        },
        {
            "name": "controller/App.controller.js"
        },
        {
            "name": "controller/DetailAgreements-dbg.controller.js",
            "isDebug": true
        },
        {
            "name": "controller/DetailAgreements.controller.js"
        },
        {
            "name": "controller/EditAgreement-dbg.controller.js",
            "isDebug": true
        },
        {
            "name": "controller/EditAgreement.controller.js"
        },
        {
            "name": "controller/ErrorHandler-dbg.js",
            "isDebug": true
        },
        {
            "name": "controller/ErrorHandler.js"
        },
        {
            "name": "controller/MasterAgreements-dbg.controller.js",
            "isDebug": true
        },
        {
            "name": "controller/MasterAgreements.controller.js"
        },
        {
            "name": "css/style-dbg.css",
            "isDebug": true
        },
        {
            "name": "css/style.css"
        },
        {
            "name": "custom/ComboBox-dbg.js",
            "isDebug": true
        },
        {
            "name": "custom/ComboBox.js"
        },
        {
            "name": "custom/ComboBoxRenderer-dbg.js",
            "isDebug": true
        },
        {
            "name": "custom/ComboBoxRenderer.js"
        },
        {
            "name": "custom/Input-dbg.js",
            "isDebug": true
        },
        {
            "name": "custom/Input.js"
        },
        {
            "name": "custom/InputRenderer-dbg.js",
            "isDebug": true
        },
        {
            "name": "custom/InputRenderer.js"
        },
        {
            "name": "custom/UploadCollection-dbg.js",
            "isDebug": true
        },
        {
            "name": "custom/UploadCollection.js"
        },
        {
            "name": "custom/UploadCollectionItem-dbg.js",
            "isDebug": true
        },
        {
            "name": "custom/UploadCollectionItem.js"
        },
        {
            "name": "custom/UploadCollectionRenderer-dbg.js",
            "isDebug": true
        },
        {
            "name": "custom/UploadCollectionRenderer.js"
        },
        {
            "name": "di.code-validation.core_issues.json"
        },
        {
            "name": "fragment/AgreementTypePopOver.fragment.xml"
        },
        {
            "name": "fragment/AssetManagement.fragment.xml"
        },
        {
            "name": "fragment/Attachments.fragment.xml"
        },
        {
            "name": "fragment/DiscountsOffList.fragment.xml"
        },
        {
            "name": "fragment/DistBuyPriceSortDialog.fragment.xml"
        },
        {
            "name": "fragment/DistributorBuyPrice.fragment.xml"
        },
        {
            "name": "fragment/FlatFee.fragment.xml"
        },
        {
            "name": "fragment/FuelSurcharge.fragment.xml"
        },
        {
            "name": "fragment/HeaderInfo.fragment.xml"
        },
        {
            "name": "fragment/Incentives.fragment.xml"
        },
        {
            "name": "fragment/InvoiceDiscounts.fragment.xml"
        },
        {
            "name": "fragment/MaterialNumValueHelp.fragment.xml"
        },
        {
            "name": "fragment/MembershipList.fragment.xml"
        },
        {
            "name": "fragment/MinimumOrderCharge.fragment.xml"
        },
        {
            "name": "fragment/MslSortAndFilter.fragment.xml"
        },
        {
            "name": "fragment/Notes.fragment.xml"
        },
        {
            "name": "fragment/PickupAllowance.fragment.xml"
        },
        {
            "name": "fragment/PrepayAndAddFreight.fragment.xml"
        },
        {
            "name": "fragment/PriceException.fragment.xml"
        },
        {
            "name": "fragment/Products.fragment.xml"
        },
        {
            "name": "fragment/ProductsSortAndFilter.fragment.xml"
        },
        {
            "name": "fragment/Regional.fragment.xml"
        },
        {
            "name": "fragment/ScalesPopover.fragment.xml"
        },
        {
            "name": "fragment/SortandFilter.fragment.xml"
        },
        {
            "name": "fragment/edit/AssetManagement.fragment.xml"
        },
        {
            "name": "fragment/edit/AssetSelectionDlg.fragment.xml"
        },
        {
            "name": "fragment/edit/Attachments.fragment.xml"
        },
        {
            "name": "fragment/edit/CustomerValueHelp.fragment.xml"
        },
        {
            "name": "fragment/edit/DiscountsOffList.fragment.xml"
        },
        {
            "name": "fragment/edit/DistributorBuyPrice.fragment.xml"
        },
        {
            "name": "fragment/edit/EbsOwnerValueHelpColumns.fragment.xml"
        },
        {
            "name": "fragment/edit/EbsOwnerValueHelpDialog.fragment.xml"
        },
        {
            "name": "fragment/edit/EbsOwnerValueHelpRows.fragment.xml"
        },
        {
            "name": "fragment/edit/FlatFee.fragment.xml"
        },
        {
            "name": "fragment/edit/HeaderInfo.fragment.xml"
        },
        {
            "name": "fragment/edit/MSLPricing.fragment.xml"
        },
        {
            "name": "fragment/edit/MaterialValueHelp.fragment.xml"
        },
        {
            "name": "fragment/edit/MessagePopover.fragment.xml"
        },
        {
            "name": "fragment/edit/Notes.fragment.xml"
        },
        {
            "name": "fragment/edit/OnInvoiceDiscounts.fragment.xml"
        },
        {
            "name": "fragment/edit/PriceException.fragment.xml"
        },
        {
            "name": "fragment/edit/Products.fragment.xml"
        },
        {
            "name": "fragment/edit/ProductsSort.fragment.xml"
        },
        {
            "name": "fragment/edit/ProgramTypeValueHelp.fragment.xml"
        },
        {
            "name": "fragment/edit/SubmitNoteDlg.fragment.xml"
        },
        {
            "name": "fragment/edit/Surcharges.fragment.xml"
        },
        {
            "name": "i18n/i18n.properties",
            "raw": "i18n/i18n.properties"
        },
        {
            "name": "index.html"
        },
        {
            "name": "localService/ZASB_MASTER_AGREEMENT_SRV/metadata.xml"
        },
        {
            "name": "localService/metadata.xml"
        },
        {
            "name": "manifest-bundle.zip"
        },
        {
            "name": "manifest.json"
        },
        {
            "name": "model/formatter-dbg.js",
            "isDebug": true
        },
        {
            "name": "model/formatter.js"
        },
        {
            "name": "model/localmodel.json"
        },
        {
            "name": "model/models-dbg.js",
            "isDebug": true
        },
        {
            "name": "model/models.js"
        },
        {
            "name": "model/xlsx.core.min-dbg.js",
            "isDebug": true
        },
        {
            "name": "model/xlsx.core.min.js"
        },
        {
            "name": "neo-app.json"
        },
        {
            "name": "node_modules"
        },
        {
            "name": "package-lock.json"
        },
        {
            "name": "package.json"
        },
        {
            "name": "resources.json",
            "merged": true
        },
        {
            "name": "sap-ui-cachebuster-info.json"
        },
        {
            "name": "view/App.view.xml"
        },
        {
            "name": "view/DetailAgreements.view.xml"
        },
        {
            "name": "view/EditAgreement.view.xml"
        },
        {
            "name": "view/MasterAgreements.view.xml"
        }
    ]
}