{
  ".che/project.json": 1640793956000,
  ".gitignore": 1640793956000,
  "Component-dbg.js": 1640793956000,
  "Component-preload.js": 1640801231918,
  "Component.js": 1640793956000,
  "Gruntfile.js": 1640793956000,
  "controller/App-dbg.controller.js": 1640793956000,
  "controller/App.controller.js": 1640793956000,
  "controller/DetailAgreements-dbg.controller.js": 1640793956000,
  "controller/DetailAgreements.controller.js": 1640793956000,
  "controller/EditAgreement-dbg.controller.js": 1640793956000,
  "controller/EditAgreement.controller.js": 1640793956000,
  "controller/ErrorHandler-dbg.js": 1640793956000,
  "controller/ErrorHandler.js": 1640793956000,
  "controller/MasterAgreements-dbg.controller.js": 1640793956000,
  "controller/MasterAgreements.controller.js": 1640793956000,
  "css/style-dbg.css": 1640793956000,
  "css/style.css": 1640793956000,
  "custom/ComboBox-dbg.js": 1640793956000,
  "custom/ComboBox.js": 1640793956000,
  "custom/ComboBoxRenderer-dbg.js": 1640793956000,
  "custom/ComboBoxRenderer.js": 1640793956000,
  "custom/Input-dbg.js": 1640793956000,
  "custom/Input.js": 1640793956000,
  "custom/InputRenderer-dbg.js": 1640793956000,
  "custom/InputRenderer.js": 1640793956000,
  "custom/UploadCollection-dbg.js": 1640793956000,
  "custom/UploadCollection.js": 1640793956000,
  "custom/UploadCollectionItem-dbg.js": 1640793956000,
  "custom/UploadCollectionItem.js": 1640793956000,
  "custom/UploadCollectionRenderer-dbg.js": 1640793956000,
  "custom/UploadCollectionRenderer.js": 1640793956000,
  "di.code-validation.core_issues.json": 1640793956000,
  "fragment/AgreementTypePopOver.fragment.xml": 1640793956000,
  "fragment/AssetManagement.fragment.xml": 1640793956000,
  "fragment/Attachments.fragment.xml": 1640793956000,
  "fragment/DiscountsOffList.fragment.xml": 1640793956000,
  "fragment/DistBuyPriceSortDialog.fragment.xml": 1640793956000,
  "fragment/DistributorBuyPrice.fragment.xml": 1640793956000,
  "fragment/FlatFee.fragment.xml": 1640793956000,
  "fragment/FuelSurcharge.fragment.xml": 1640793956000,
  "fragment/HeaderInfo.fragment.xml": 1640793956000,
  "fragment/Incentives.fragment.xml": 1640793956000,
  "fragment/InvoiceDiscounts.fragment.xml": 1640793956000,
  "fragment/MaterialNumValueHelp.fragment.xml": 1640793956000,
  "fragment/MembershipList.fragment.xml": 1640793956000,
  "fragment/MinimumOrderCharge.fragment.xml": 1640793956000,
  "fragment/MslSortAndFilter.fragment.xml": 1640793956000,
  "fragment/Notes.fragment.xml": 1640793956000,
  "fragment/PickupAllowance.fragment.xml": 1640793956000,
  "fragment/PrepayAndAddFreight.fragment.xml": 1640793956000,
  "fragment/PriceException.fragment.xml": 1640793956000,
  "fragment/Products.fragment.xml": 1640793956000,
  "fragment/ProductsSortAndFilter.fragment.xml": 1640793956000,
  "fragment/Regional.fragment.xml": 1640793956000,
  "fragment/ScalesPopover.fragment.xml": 1640793956000,
  "fragment/SortandFilter.fragment.xml": 1640793956000,
  "fragment/edit/AssetManagement.fragment.xml": 1640793956000,
  "fragment/edit/AssetSelectionDlg.fragment.xml": 1640793956000,
  "fragment/edit/Attachments.fragment.xml": 1640793956000,
  "fragment/edit/CustomerValueHelp.fragment.xml": 1640793956000,
  "fragment/edit/DiscountsOffList.fragment.xml": 1640793956000,
  "fragment/edit/DistributorBuyPrice.fragment.xml": 1640793956000,
  "fragment/edit/EbsOwnerValueHelpColumns.fragment.xml": 1640793956000,
  "fragment/edit/EbsOwnerValueHelpDialog.fragment.xml": 1640793956000,
  "fragment/edit/EbsOwnerValueHelpRows.fragment.xml": 1640793956000,
  "fragment/edit/FlatFee.fragment.xml": 1640793956000,
  "fragment/edit/HeaderInfo.fragment.xml": 1640793956000,
  "fragment/edit/MSLPricing.fragment.xml": 1640793956000,
  "fragment/edit/MaterialValueHelp.fragment.xml": 1640793956000,
  "fragment/edit/MessagePopover.fragment.xml": 1640793956000,
  "fragment/edit/Notes.fragment.xml": 1640793956000,
  "fragment/edit/OnInvoiceDiscounts.fragment.xml": 1640793956000,
  "fragment/edit/PriceException.fragment.xml": 1640793956000,
  "fragment/edit/Products.fragment.xml": 1640793956000,
  "fragment/edit/ProductsSort.fragment.xml": 1640793956000,
  "fragment/edit/ProgramTypeValueHelp.fragment.xml": 1640793956000,
  "fragment/edit/SubmitNoteDlg.fragment.xml": 1640793956000,
  "fragment/edit/Surcharges.fragment.xml": 1640793956000,
  "i18n/i18n.properties": 1640793956000,
  "index.html": 1640793956000,
  "localService/ZASB_MASTER_AGREEMENT_SRV/metadata.xml": 1640793956000,
  "localService/metadata.xml": 1640793956000,
  "manifest-bundle.zip": 1640793956000,
  "manifest.json": 1640793956000,
  "model/formatter-dbg.js": 1640793956000,
  "model/formatter.js": 1640793956000,
  "model/localmodel.json": 1640793956000,
  "model/models-dbg.js": 1640793956000,
  "model/models.js": 1640793956000,
  "model/xlsx.core.min-dbg.js": 1640793956000,
  "model/xlsx.core.min.js": 1640793956000,
  "neo-app.json": 1640793956000,
  "package-lock.json": 1640793956000,
  "package.json": 1640793956000,
  "resources.json": 1640801232028,
  "view/App.view.xml": 1640793956000,
  "view/DetailAgreements.view.xml": 1640793956000,
  "view/EditAgreement.view.xml": 1640793956000,
  "view/MasterAgreements.view.xml": 1640793956000
}