{
	"UserModel": [{
		"Row": "Row1",
		"CustomerNumber": "Stuff",
		"CustomerDesc": "Stuff",
		"ProductHierachy": "Stuff",
		"ProductHierachyDesc": "Stuff",
		"PriceGroup": "Stuff",
		"Rate": "Stuff",
		"PricingProgram": "Stuff",
		"ProgramTier": "Stuff",
		"Terms": "Stuff",
		"MPPRAmount": "Stuff",
		"ExcessRackCharge": "Stuff",
		"CorpOrUnitSigned": false,
		"LegalAgreement": false,
		"HQPay": "Stuff",
		"SummaryBill": "Stuff",
		"BillingDay": "Stuff",
		"BillingFrequeny": "Stuff",
		"EligibleFOCPeriod": false,
		"AgreementMachOnly": true,
		"SpecialInstructions": true,
		"SecurityDeposit": false,
		"ValidityDate": "Stuff",
		"Delta": {
			"CustomerNumber": "Stuff",
			"CustomerDesc": "Stuff",
			"ProductHierachy": "Stuff",
			"ProductHierachyDesc": "Stuff",
			"PriceGroup": "Stuff",
			"Rate": "Stuff",
			"PricingProgram": "Stuff",
			"ProgramTier": "Stuff",
			"Terms": "Stuff",
			"MPPRAmount": "Stuff",
			"ExcessRackCharge": "Stuff",
			"CorpOrUnitSigned": false,
			"LegalAgreement": false,
			"HQPay": "Stuff",
			"SummaryBill": "Stuff",
			"BillingDay": "Stuff",
			"BillingFrequeny": "Stuff",
			"EligibleFOCPeriod": false,
			"AgreementMachOnly": false,
			"SecurityDeposit": false,
			"SpecialInstructions": true,
			"ValidityDate": "Stuff"
		},
		"DeltaCh": {},
		"DeltaDates": {
			"CustomerNumber": "Stuff",
			"CustomerDesc": "Stuff",
			"ProductHierachy": "9-17-18",
			"ProductHierachyDesc": "9-16-18",
			"PriceGroup": "9-15-18",
			"Rate": "9-14-18",
			"PricingProgram": "9-13-18",
			"ProgramTier": "9-12-18",
			"Terms": "9-11-18",
			"MPPRAmount": "9-10-18",
			"ExcessRackCharge": "9-9-18",
			"CorpOrUnitSigned": false,
			"LegalAgreement": false,
			"HQPay": "9-6-18",
			"SummaryBill": "9-5-18",
			"BillingDay": "9-4-18",
			"BillingFrequeny": "9-3-18",
			"EligibleFOCPeriod": false,
			"AgreementMachOnly": false,
			"SpecialInstructions": true,
			"SecurityDeposit": false,
			"ValidityDate": "8-30-18"

		}
	}, {
		"Row": "Row2",
		"CustomerNumber": "Stuff",
		"CustomerDesc": "Stuff",
		"ProductHierachy": "Stuff",
		"ProductHierachyDesc": "Stuff",
		"PriceGroup": "Stuff",
		"Rate": "Stuff",
		"PricingProgram": "Stuff",
		"ProgramTier": "Stuff",
		"Terms": "Stuff",
		"MPPRAmount": "Stuff",
		"ExcessRackCharge": "Stuff",
		"CorpOrUnitSigned": false,
		"LegalAgreement": false,
		"HQPay": "Stuff",
		"SummaryBill": "Stuff",
		"BillingDay": "Stuff",
		"BillingFrequeny": "Stuff",
		"EligibleFOCPeriod": false,
		"AgreementMachOnly": false,
		"SpecialInstructions": true,
		"SecurityDeposit": false,
		"ValidityDate": "Stuff",
		"Delta": {
			"CustomerNumber": "Stuff",
			"CustomerDesc": "Stuff",
			"ProductHierachy": "Stuff",
			"ProductHierachyDesc": "Stuff",
			"PriceGroup": "Stuff",
			"Rate": "Stuff",
			"PricingProgram": "Stuff",
			"ProgramTier": "Stuff",
			"Terms": "Stuff",
			"MPPRAmount": "Stuff",
			"ExcessRackCharge": "Stuff",
			"CorpOrUnitSigned": false,
			"LegalAgreement": false,
			"HQPay": "Stuff",
			"SummaryBill": "Stuff",
			"BillingDay": "Stuff",
			"BillingFrequeny": "Stuff",
			"EligibleFOCPeriod": false,
			"AgreementMachOnly": false,
			"SpecialInstructions": true,
			"SecurityDeposit": false,
			"ValidityDate": "Stuff"
		},
		"DeltaCh": {}
	}]

}