<core:FragmentDefinition xmlns:f="sap.ui.layout.form" xmlns:l="sap.ui.layout" xmlns:core="sap.ui.core" xmlns:u="sap.ui.unified"
	xmlns:mvc="sap.ui.core.mvc" xmlns="sap.m">
	<Panel expandable="true" expanded="false" headerText="{DetailHeaderInfo>/AssetMgmt}" width="auto" class="borderbottoms" visible="{=${ValueFields/IsMSL}===false}">
		<Table showNoData="false">
			<columns>
				<Column width="10%">
					<Label text="{i18n>ValidFrom}" design="Bold"/>
				</Column>
				<Column minScreenWidth="Desktop" demandPopin="true" width="10%">
					<Label text="{i18n>Terms}" design="Bold"/>
				</Column>
				<Column minScreenWidth="Desktop" demandPopin="true" width="27%">
					<Label text="{i18n>PhDescription}" design="Bold"/>
				</Column>
				<Column minScreenWidth="Desktop" demandPopin="true" width="17%">
					<Label text="{i18n>PriceGroup}" design="Bold"/>
				</Column>
				<Column minScreenWidth="Desktop" demandPopin="true" width="8%">
					<Label text="{i18n>Rate}" design="Bold"/>
				</Column>
				<Column minScreenWidth="Desktop" demandPopin="true" width="8%">
					<Label text="{i18n>Mppr}" design="Bold"/>
				</Column>
				<Column minScreenWidth="Desktop" demandPopin="true" width="10%">
					<Label text="{i18n>CorpSign}" design="Bold"/>
				</Column>
				<Column minScreenWidth="Desktop" demandPopin="true" width="10%">
					<Label text="{i18n>SpecInstr}" design="Bold"/>
				</Column>
			</columns>
		</Table>
		<ScrollContainer height="165px" horizontal="true" vertical="true" focusable="true">
			<Table inset="false" class="sapUiSizeCompact" items="{path: '/AssetSet',templateShareable : true }" 
				updateFinished="onUpdateFinished" updateStarted="onUpdateFinished" id="idAssetMagtTable">
				<columns>
					<Column width="10%"></Column>
					<Column minScreenWidth="Desktop" demandPopin="true" width="10%"></Column>
					<Column minScreenWidth="Desktop" demandPopin="true" width="27%"></Column>
					<Column minScreenWidth="Desktop" demandPopin="true" width="17%"></Column>
					<Column minScreenWidth="Desktop" demandPopin="true" width="8%"></Column>
					<Column minScreenWidth="Desktop" demandPopin="true" width="8%"></Column>
					<Column minScreenWidth="Desktop" demandPopin="true" width="10%"></Column>
					<Column minScreenWidth="Desktop" demandPopin="true" width="10%"></Column>
				</columns>
				<items>
					<ColumnListItem >
						<cells>
							<Text text="{path:'ValidFrom',formatter:'.formatter.formatDate'}"></Text>
							<Text text="{Terms}"></Text>
							<Text text="{ProductHierarchyDesc}"></Text>
							<Text text="{PriceGroupDesc}"></Text>
							<HBox>
								<Text class="sapUiTinyMarginEnd" text="{=${Currency} === 'USD' ? '$' : ${Currency} === 'CAD' ? 'C$' : ${Currency}}"/>
								<ObjectNumber number="{path:'Rate',formatter:'.formatter.formatNumber'}" emphasized="false"></ObjectNumber>
							</HBox >
							<HBox>
								<Text class="sapUiTinyMarginEnd" text="{=${Currency} === 'USD' ? '$' : ${Currency} === 'CAD' ? 'C$' : ${Currency}}"/>
								<ObjectNumber number="{path:'MPPRAmount',formatter:'.formatter.formatNumber'}" emphasized="false"></ObjectNumber>
							</HBox>
							<Text text="{=${CorpSign} === true ? 'Yes' : 'No'}"></Text>
							<Text text="{=${SpecialInstructions} === true ? 'Yes' : 'No'}"></Text>
						</cells>
					</ColumnListItem>
				</items>
				<customData>
					<core:CustomData key="titlecount" value="AssetMgmt" writeToDom="true"/>
				</customData>
			</Table>
		</ScrollContainer>
	</Panel>
</core:FragmentDefinition>