<core:FragmentDefinition xmlns:f="sap.ui.layout.form" xmlns:l="sap.ui.layout" xmlns:core="sap.ui.core" xmlns:u="sap.ui.unified"
	xmlns:mvc="sap.ui.core.mvc" xmlns="sap.m" xmlns:uiTable="sap.ui.table" xmlns:ct="com.ecolab.ZASBMasterAgr.custom">
	<VBox class="text_center">
		<ct:UploadCollection id="idMAAtchmntsUploadCollection" fileType="jpg,txt,ppt,doc,docx,xls,jpeg,xlsx,pdf,png,pptx" items="{/AttachmentSet}"
			uploadButtonInvisible="true" noDataText="{i18n>NoAttachments}" noDataDescription="{i18n>NoAttachmentsDesc}">
			<ct:items>
				<ct:UploadCollectionItem press="onShowFileContent" documentId="{FileID}" fileName="{FileName}" mimeType="{MimeType}"
					visibleEdit="false" visibleDelete="false">
					<ct:attributes>
						<ObjectAttribute title="{UploadedBy}"
							text="{path: 'UploadedAt', type: 'sap.ui.model.type.DateTime', formatOptions: {pattern: 'dd MMM yyyy', UTC: true}}"/>
					</ct:attributes>
				</ct:UploadCollectionItem>
			</ct:items>
		</ct:UploadCollection>
	</VBox>
</core:FragmentDefinition>