<core:FragmentDefinition xmlns:f="sap.ui.layout.form" xmlns:l="sap.ui.layout" xmlns:core="sap.ui.core" xmlns:u="sap.ui.unified"
	xmlns:smartTable="sap.ui.comp.smarttable" xmlns:mvc="sap.ui.core.mvc" xmlns="sap.m" xmlns:smartFilterBar="sap.ui.comp.smartfilterbar">
	<smartTable:SmartTable id="idDiscountsOffListTable" smartFilterId="smartFilterBar" tableType="ResponsiveTable" editable="false"
		useVariantManagement="false" useTablePersonalisation="true" entitySet="DiscountOffSet" showRowCount="true" useExportToExcel="false"
		enableAutoBinding="true" noData="{i18n>NoResultsFound}" beforeRebindTable="onBeforeRebindTable">
		<Table class="tablebold" updateFinished="onUpdateFinished" updateStarted="onUpdateFinished">
			<columns>
				<Column id="idDisSoldToName" width="130px" hAlign="Begin">
					<customData>
						<core:CustomData key="p13nData"
							value='\{"columnKey": "CustomerNumber,CustomerDesc", "columnIndex":"0", "leadingProperty": "CustomerNumber,CustomerDesc"}'/>
					</customData>
					<Label text="{i18n>CustomerName}" design="Bold"/>
				</Column>
				<Column width="150px" hAlign="Begin">
					<customData>
						<core:CustomData key="p13nData"
							value='\{"columnKey": "PriceGroup,PriceGroupDesc", "columnIndex":"5", "leadingProperty": "PriceGroup,PriceGroupDesc"}'/>
					</customData>
					<Label text="{i18n>MaterialPriceGroupDesc}" design="Bold"/>
				</Column>
				<Column id="idDisRate" width="80px" hAlign="Begin">
					<customData>
						<core:CustomData key="p13nData" value='\{"columnKey": "Rate,Currency", "columnIndex":"6", "leadingProperty": "Rate,Currency"}'/>
					</customData>
					<Label text="{i18n>Rate}" design="Bold"/>
				</Column>
				<Column id="idDisMD" width="150px" hAlign="Begin">
					<customData>
						<core:CustomData key="p13nData"
							value='\{"columnKey": "MaterialNumber,MaterialDesc", "columnIndex":"5", "leadingProperty": "MaterialNumber,MaterialDesc"}'/>
					</customData>
					<Label text="{i18n>MaterialDescription}" design="Bold"/>
				</Column>
			</columns>
			<items>
				<ColumnListItem>
					<cells>
						<VBox>
							<Text text="{CustomerNumber}"/>
							<Text text="{CustomerDesc}"/>
						</VBox>
						<VBox>
							<Text text="{PriceGroup}"/>
							<Text text="{PriceGroupDesc}"/>
						</VBox>
						<HBox justifyContent="Start">
							<ObjectNumber number="{Rate}" emphasized="false"></ObjectNumber>
							<Text text="{Currency}"/>
						</HBox>
						<VBox>
							<Text text="{MaterialNumber}"/>
							<Text text="{MaterialDesc}"/>
						</VBox>
					</cells>
				</ColumnListItem>
			</items>
			<customData>
				<core:CustomData key="titlecount" value="DiscountOffList" writeToDom="true"/>
			</customData>
		</Table>
	</smartTable:SmartTable>
</core:FragmentDefinition>