<core:FragmentDefinition xmlns="sap.m" xmlns:commons="sap.ui.commons" xmlns:core="sap.ui.core" xmlns:l="sap.ui.layout"
	xmlns:f="sap.ui.layout.form">
	<ViewSettingsDialog title="{i18n>Title}" class="sapUiSizeCompact text-centers" confirm="onDistBuyPriceSortConfirm" cancel="handleCancel"
		resetFilters="onResetDistBuyPriceFilterValues" filterDetailPageOpened="onDistBuyPriceFilterDetailPageOpened">
		<sortItems>
			<ViewSettingsItem text="{i18n>Dist}" key="DistributorNumber" selected="true"/>
			<ViewSettingsItem text="{i18n>DistDesc}" key="DistributorDesc"/>
			<ViewSettingsItem text="{i18n>MaterialNumber}" key="MaterialNumber"/>
			<ViewSettingsItem text="{i18n>MaterialDesc}" key="MaterialDesc"/>
		</sortItems>
		<filterItems>
				<ViewSettingsCustomItem text="{i18n>Distributor}" key="DistributorNumber">
				<customControl>
					<f:SimpleForm editable="false" layout="ResponsiveGridLayout" singleContainerFullSize="true">
						<f:content>
							<core:Title text="{i18n>Dist}"></core:Title>
							<Input value="{DistBuyPriceFilter>/DistributorNumber}"></Input>
						</f:content>
					</f:SimpleForm>
				</customControl>
			</ViewSettingsCustomItem>
				<ViewSettingsCustomItem text="{i18n>DistDesc}" key="DistributorDesc">
				<customControl>
					<f:SimpleForm editable="false" layout="ResponsiveGridLayout" singleContainerFullSize="true">
						<f:content>
							<core:Title text="{i18n>DistributorDesc}"></core:Title>
							<Input value="{DistBuyPriceFilter>/DistributorDesc}"></Input>
						</f:content>
					</f:SimpleForm>
				</customControl>
			</ViewSettingsCustomItem>
			<ViewSettingsCustomItem text="{i18n>MaterialNumber}" key="MaterialNum">
				<customControl>
					<VBox>
						<f:SimpleForm editable="true" layout="ResponsiveGridLayout" singleContainerFullSize="true">
							<f:content>
								<Label text="{i18n>MaterialNumber}"/>
								<Input value="{DistBuyPriceFilter>/MaterialSearch/MaterialNum}">
									<layoutData>
										<l:GridData span="XL4 L4 M4 S4"/>
									</layoutData>
								</Input>
								<Label text="{i18n>MaterialDesc}"/>
								<Input value="{DistBuyPriceFilter>/MaterialSearch/MaterialDesc}">
									<layoutData>
										<l:GridData span="XL4 L4 M4 S4"/>
									</layoutData>
								</Input>
								<Label text="{i18n>Status}"/>
								<MultiComboBox class="multicomboboxfont" selectedKeys="{DistBuyPriceFilter>/MaterialSearch/SelectedStatuses}" showButton="true"
									items="{path: 'ProdStatusModel>/StatusList',templateShareable : true }" selectionChange="onStatusClick">
									<core:Item key="{ProdStatusModel>Key}" text="{ProdStatusModel>Value}"/>
									<layoutData>
										<l:GridData span="XL4 L4 M4 S4"/>
									</layoutData>
								</MultiComboBox>
								<Button text="{i18n>Go}" press="onDistBuyPriceMaterailNumSerachPress">
									<layoutData>
										<l:GridData span="XL2 L2 M2 S2"/>
									</layoutData>
								</Button>
							</f:content>
						</f:SimpleForm>
						<Table mode="MultiSelect" items="{DistBuyPriceFilter>/MaterialSearch/MaterialValueHelpSet}" growing="true"
							growingScrollToLoad="true" growingThreshold="5" selectionChange="onDistBuyPriceMaterialListTableSelect"
							busy="{DistBuyPriceFilter>/MaterialSearch/tableBusy}">
							<columns>
								<Column>
									<Label text="{i18n>MaterialNumber}"/>
								</Column>
								<Column>
									<Label text="{i18n>MaterialDesc}"/>
								</Column>
								<Column>
									<Label text="{i18n>Status}"/>
								</Column>
								<Column>
									<Label text="{i18n>SalesOrg}"/>
								</Column>
								<Column>
									<Label text="{i18n>DistributionChannel}"/>
								</Column>
							</columns>
							<items>
								<ColumnListItem>
									<cells>
										<Text text="{DistBuyPriceFilter>MaterialNumber}"/>
										<Text text="{DistBuyPriceFilter>MaterialDescription}"/>
										<Text text="{DistBuyPriceFilter>Status}"/>
										<Text text="{DistBuyPriceFilter>SalesOrg}"/>
										<Text text="{DistBuyPriceFilter>DistributionChannel}"/>
									</cells>
								</ColumnListItem>
							</items>
						</Table>
					</VBox>
				</customControl>
			</ViewSettingsCustomItem>
			<ViewSettingsCustomItem text="{i18n>MaterialDesc}" key="MaterialDesc">
				<customControl>
					<f:SimpleForm editable="false" layout="ResponsiveGridLayout" singleContainerFullSize="true">
						<f:content>
							<core:Title text="{i18n>MaterialDesc}"></core:Title>
							<Input value="{DistBuyPriceFilter>/MaterialDesc}"></Input>
						</f:content>
					</f:SimpleForm>
				</customControl>
			</ViewSettingsCustomItem>
		</filterItems>
	</ViewSettingsDialog>
</core:FragmentDefinition>