<core:FragmentDefinition xmlns:f="sap.ui.layout.form" xmlns:l="sap.ui.layout" xmlns:core="sap.ui.core" xmlns:u="sap.ui.unified"
	xmlns:mvc="sap.ui.core.mvc" xmlns="sap.m">
	<Panel expandable="true" expanded="false" headerText="{DetailHeaderInfo>/DistributorBuyPrice}" width="auto" class="borderbottoms" visible="{=${ValueFields/IsMSL}===false}">
		<Table showNoData="false" class="sapUiSizeCompact">
			<headerToolbar>
				<Toolbar>
					<content>
						<ToolbarSpacer/>
						<Button type="Emphasized" icon="sap-icon://sort" press="DistBuyPriceSortPress">
							<customData>
								<core:CustomData key="SortKey" value="Sort"/>
							</customData>
						</Button>
						<Button type="{DistBuyPriceFilter>/IsFiltered}" icon="sap-icon://filter" press="DistBuyPriceSortPress">
							<customData>
								<core:CustomData key="FilterKey" value="Filter"/>
							</customData>
						</Button>
						<SearchField search="onSearchDist" width="30%"/>
					</content>
				</Toolbar>
			</headerToolbar>
			<columns>
				<Column minScreenWidth="Desktop" demandPopin="true" width="25%">
					<Label text="{i18n>DistributorAndDesc}" design="Bold"/>
				</Column>
				<Column minScreenWidth="Desktop" demandPopin="true" width="20%">
					<Label text="{i18n>MaterialAndDesc}" design="Bold"/>
				</Column>
				<Column minScreenWidth="Desktop" demandPopin="true" hAlign="Center" width="10%">
					<Label text="{i18n>Rate}" design="Bold"/>
				</Column>
				<Column minScreenWidth="Desktop" demandPopin="true" hAlign="Center" width="7.5%">
					<Label text="{i18n>Per}" design="Bold"/>
				</Column>
			</columns>
		</Table>
		<ScrollContainer height="331px" horizontal="true" vertical="true" focusable="true">
			<Table inset="false" class="sapUiSizeCompact" items="{path: '/DistBuyPriceSet',templateShareable : true }" id="IdDistributorBuyPrice"
				growing="true" growingScrollToLoad="true" growingThreshold="10">
				<columns>
					<Column width="25%"></Column>
					<Column minScreenWidth="Desktop" demandPopin="true" width="20%"></Column>
					<Column minScreenWidth="Desktop" demandPopin="true" hAlign="Center" width="10%"></Column>
					<Column minScreenWidth="Desktop" demandPopin="true" hAlign="Center" width="7%"></Column>
				</columns>
				<items>
					<ColumnListItem>
						<cells>
							<HBox>
								<Text text="{path:'DistributorNumber',formatter:'.formatter.trimLeadingZerosSubstr'}"/>
								<Text text="{DistributorDesc}" class="marginLeft"/>
							</HBox>
							<HBox>
								<Text text="{MaterialNumber}"/>
								<Text text="{MaterialDesc}" class="marginLeft"/>
							</HBox>
							<Text
								text="{=${Currency} === 'USD' ? '$' : ${Currency} === 'CAD' ? 'C$' : ${Currency}} {path: 'Rate', formatter:'.formatter.formatFromNumber'} "
								class="marginLeft"/>
							<Text text="{Per}" class="marginLeft"/>
						</cells>
					</ColumnListItem>
				</items>
				<customData>
					<core:CustomData key="titlecount" value="DistributorBuyPrice" writeToDom="true"/>
				</customData>
			</Table>
		</ScrollContainer>
	</Panel>
</core:FragmentDefinition>