<core:FragmentDefinition xmlns:f="sap.ui.layout.form" xmlns:l="sap.ui.layout" xmlns:core="sap.ui.core" xmlns:u="sap.ui.unified"
	xmlns:smartTable="sap.ui.comp.smarttable" xmlns:mvc="sap.ui.core.mvc" xmlns="sap.m" xmlns:smartFilterBar="sap.ui.comp.smartfilterbar">
	<Panel expandable="true" expanded="false" headerText="{DetailHeaderInfo>/FlatFee}" width="auto" class="borderbottoms" visible="{=${ValueFields/IsMSL}===false}">
		<ScrollContainer height="360px" horizontal="true" vertical="true" focusable="true">
			<smartTable:SmartTable id="idFlatFeeTable" tableType="ResponsiveTable" editable="false" useExportToExcel="false"
				useVariantManagement="false" useTablePersonalisation="true" entitySet="FlatFeeSet" initiallyVisibleFields="UnitPrice"
				enableAutoBinding="true" beforeRebindTable="onBeforeRebindTable" noData="{i18n>NoResultsFound}">
				<Table class="tablebold" growing="true" growingScrollToLoad="true" growingThreshold="100" sticky="ColumnHeaders">
					<columns>
						<Column id="Customer" hAlign="Begin" width="16rem">
							<customData>
								<core:CustomData key="p13nData"
									value='\{"columnKey": "CustomerNumber,CustomerDesc", "columnIndex":"0", "leadingProperty": "CustomerNumber,CustomerDesc"}'/>
							</customData>
							<Label text="{i18n>CustomerName}" design="Bold"/>
						</Column>
						<Column id="Material" hAlign="Begin" width="15rem">
							<customData>
								<core:CustomData key="p13nData"
									value='\{"columnKey": "MaterialNumber,MaterialDesc", "columnIndex":"1", "leadingProperty": "MaterialNumber,MaterialDesc"}'/>
							</customData>
							<Label text="{i18n>MaterialDescription}" design="Bold"/>
						</Column>
						<Column id="BillingDay" hAlign="Begin" width="5rem">
							<customData>
								<core:CustomData key="p13nData" value='\{"columnKey": "BillingDay", "columnIndex":"2", "leadingProperty": "BillingDay"}'/>
							</customData>
							<Label text="{i18n>BillingDay}" design="Bold"/>
						</Column>
						<Column id="BillingFrequency" hAlign="Begin" width="10rem">
							<customData>
								<core:CustomData key="p13nData" value='\{"columnKey": "BillingFrequencyDesc", "columnIndex":"3", "leadingProperty": "BillingFrequencyDesc"}'/>
							</customData>
							<Label text="{i18n>BillingFrequency}" design="Bold"/>
						</Column>
						<Column id="UnitPrice" hAlign="End" width="75px">
							<customData>
								<core:CustomData key="p13nData" value='\{"columnKey": "UnitPrice,Currency", "columnIndex":"4", "leadingProperty": "UnitPrice,Currency"}'/>
							</customData>
							<Label text="{i18n>UnitRate}" design="Bold"/>
						</Column>
						<Column id="ProgramType" hAlign="Begin" width="10.5rem">
							<customData>
								<core:CustomData key="p13nData" value='\{"columnKey": "PriceGroupDesc", "columnIndex":"6", "leadingProperty": "PriceGroupDesc"}'/>
							</customData>
							<Label text="{i18n>ProgramTypeDescription}" design="Bold"/>
						</Column>
						<Column id="ValidFrom" width="100px" hAlign="Begin" visible="false">
							<customData>
								<core:CustomData key="p13nData" value='\{"columnKey": "ValidFrom", "columnIndex":"7", "leadingProperty": "ValidFrom"}'/>
							</customData>
							<Label text="{i18n>ValidFrom}" design="Bold"/>
						</Column>
						<Column id="ValidTo" width="100px" hAlign="Begin" visible="false">
							<customData>
								<core:CustomData key="p13nData" value='\{"columnKey": "ValidTo", "columnIndex":"8", "leadingProperty": "ValidTo"}'/>
							</customData>
							<Label text="{i18n>ValidTo}" design="Bold"/>
						</Column>
					</columns>
					<items>
						<ColumnListItem>
							<cells>
								<HBox>
									<Text text="{CustomerNumber}" class="sapUiTinyMarginEnd"/>
									<Text text="{CustomerDesc}"/>
								</HBox>
								<HBox>
									<Text text="{MaterialNumber}" class="sapUiTinyMarginEnd"/>
									<Text text="{MaterialDesc}"/>
								</HBox>
								<Text text="{BillingDay}"/>
								<Text text="{BillingFrequencyDesc}"/>
								<HBox justifyContent="End">
									<ObjectNumber number="{ parts:[{path:'UnitPrice'},{path:'Currency'}], formatter:'.formatter.formatFlatFeeCurrency' }" emphasized="false"></ObjectNumber>
								</HBox>
								<Text text="{PriceGroupDesc}"/>
								<Text text="{path:'ValidFrom', formatter:'.formatter.formatDate'}"/>
								<Text text="{path:'ValidTo', formatter:'.formatter.formatDate'}"/>
							</cells>
						</ColumnListItem>
					</items>
					<customData>
						<core:CustomData key="titlecount" value="FlatFee" writeToDom="true"/>
					</customData>
				</Table>
				<smartTable:customData>
					<core:CustomData key="titlecount" value="FlatFee" writeToDom="true"/>
				</smartTable:customData>
			</smartTable:SmartTable>
		</ScrollContainer>
	</Panel>
</core:FragmentDefinition>