<core:FragmentDefinition xmlns:f="sap.ui.layout.form" xmlns:l="sap.ui.layout" xmlns:core="sap.ui.core" xmlns:u="sap.ui.unified"
	xmlns:smartTable="sap.ui.comp.smarttable" xmlns:mvc="sap.ui.core.mvc" xmlns="sap.m" xmlns:smartFilterBar="sap.ui.comp.smartfilterbar">
	<smartTable:SmartTable id="idFuelSurchargeTable" tableType="ResponsiveTable" editable="false" useVariantManagement="false"
		useTablePersonalisation="true" showRowCount="true" entitySet="SurchargeSet" initiallyVisibleFields="BillingCodeDesc,Per,Unit"
		persistencyKey="SmartTableAnalytical_Explored" useExportToExcel="false" enableAutoBinding="true" noData="{i18n>DivisionDefault}"
		beforeRebindTable="onBeforeRebindFuelSurchargeTable">
		<Table class="tablebold" updateFinished="onUpdateFinished" updateStarted="onUpdateFinished">
			<columns>
				<Column width="250px" hAlign="Begin">
					<customData>
						<core:CustomData key="p13nData" value='\{"columnKey": "ConditionDesc", "columnIndex":"0", "leadingProperty": "ConditionDesc"}'/>
					</customData>
					<Label text="{i18n>ConditionDesc}" design="Bold"/>
				</Column>
				<Column width="270px" hAlign="Begin">
					<customData>
						<core:CustomData key="p13nData"
							value='\{"columnKey": "CustomerNumber,CustomerDesc", "columnIndex":"1", "leadingProperty": "CustomerNumber,CustomerDesc"}'/>
					</customData>
					<Label text="{i18n>CustomerDescription}" design="Bold"/>
				</Column>
				<Column width="100px" hAlign="End" class="sapUiLargeMarginEnd">
					<customData>
						<core:CustomData key="p13nData" value='\{"columnKey": "Rate,Currency", "columnIndex":"3", "leadingProperty": "Rate,Currency"}'/>
					</customData>
					<Label text="{i18n>Rate}" design="Bold"/>
				</Column>
				<Column width="100px" hAlign="Center" class="sapUiLargeMarginEnd">
					<customData>
						<core:CustomData key="p13nData" value='\{"columnKey": "HasScales", "columnIndex":"6", "leadingProperty": "HasScales"}'/>
					</customData>
					<Label text="{i18n>Scales}" design="Bold"/>
				</Column>
			</columns>
			<items>
				<ColumnListItem>
					<cells>
						<Text text="{ConditionDesc}"/>
						<VBox>
							<Text text="{CustomerNumber}"/>
							<Text text="{CustomerDesc}"/>
						</VBox>
						<HBox justifyContent="End" visible="{=${Rate} === '0.00' ? false : true}">
							<Text class="sapUiTinyMarginEnd" text="{=${Currency} === 'USD' ? '$' : ${Currency} === 'CAD' ? 'C$' : ${Currency}}"/>
							<ObjectNumber number="{ parts:[{path:'Rate'},{path:'Currency'}], type:'sap.ui.model.type.Currency', formatOptions: {showMeasure: false} }"
								emphasized="false"></ObjectNumber>
						</HBox>
						<core:Icon src="{= ${HasScales} ? 'sap-icon://accept' : ''}" color="green"/>
					</cells>
				</ColumnListItem>
			</items>
			<customData>
				<core:CustomData key="titlecount" value="FuelSurcharge" writeToDom="true"/>
			</customData>
		</Table>
	</smartTable:SmartTable>
</core:FragmentDefinition>