<core:FragmentDefinition xmlns:f="sap.ui.layout.form" xmlns:l="sap.ui.layout" xmlns:core="sap.ui.core" xmlns:u="sap.ui.unified"
	xmlns:mvc="sap.ui.core.mvc" xmlns="sap.m" xmlns:ui="sap.ui.table">
	<VBox>
		<Toolbar class="toolbarbottam">
			<content>
				<Title text="{i18n>HeaderInfo}" titleStyle="H2"/>
				<ToolbarSpacer/>
				<Text
					visible="{=(${AdminFields/IsEditable}===false &amp;&amp; ${AdminFields/IsRevision})||(${AdminFields/IsEditable} &amp;&amp; ${AdminFields/IsRevision} &amp;&amp; ${AdminFields/UserStatus}==='E0002' ) ? true :false}"
					text="{parts:[{path:'AdminFields/IsRevision'},{path:'AdminFields/HasActiveRevision'},{path:'AdminFields/UserStatus'}, {path:'AdminFields/IsEditable'}, {path:'ValueFields/RevisionNumber'}],formatter: '.formatter.editRBButtonTextFormat'}"/>
				<Link press="onEditHeaderInfoPress"
					visible="{=(${AdminFields/IsEditable}===false &amp;&amp; ${AdminFields/IsRevision})||(${AdminFields/IsEditable} &amp;&amp; ${AdminFields/IsRevision} &amp;&amp; ${AdminFields/UserStatus}==='E0002' ) ? false :true}"
					text="{parts:[{path:'AdminFields/IsRevision'},{path:'AdminFields/HasActiveRevision'},{path:'AdminFields/UserStatus'}, {path:'AdminFields/IsEditable'}, {path:'ValueFields/RevisionNumber'}],formatter: '.formatter.editRBButtonTextFormat'}">
					<customData>
						<core:CustomData key="RevisionInDraft" value="{ValueFields/RevisionNumber}"/>
					</customData>
				</Link>
			</content>
		</Toolbar>
		<Panel expandable="true" expanded="false" headerText="{i18n>General}" width="auto" class="borderbottoms">
			<f:SimpleForm editable="false" layout="ResponsiveGridLayout" title="" labelSpanXL="6" labelSpanL="6" labelSpanM="12" labelSpanS="12"
				adjustLabelSpan="false" emptySpanXL="0" emptySpanL="0" emptySpanM="0" emptySpanS="0" columnsXL="2" columnsL="2" columnsM="1"
				singleContainerFullSize="false" class="titleheight">
				<f:content>
					<core:Title text=" "/>
					<Label text="{i18n>SalesOrganization}" design="Bold"/>
					<Text text="{ValueFields/SalesOrg} {TextFields/SalesOrg}"/>
					<Label text="{i18n>DistributedChannel}" design="Bold"/>
					<Text text="{ValueFields/DistributionChannel} {TextFields/DistributionChannel}"/>
					<Label text="{i18n>Division}" design="Bold"/>
					<Text text="{ValueFields/Division} {TextFields/Division}"/>
					<Label text="{i18n>ProfitCenter}" design="Bold"/>
					<Text text="{ValueFields/ProfitCenter} {TextFields/ProfitCenter}"/>
					<Label text="{i18n>EBSOwner}" design="Bold"/>
					<Text text="{TextFields/OwnerFirstName} {TextFields/OwnerLastName}"/>
					<Label text="{i18n>PortfolioId}" design="Bold"/>
					<Text text="{ValueFields/PortfolioID}"/>
					<core:Title text=""/>
					<Label text="{i18n>AgreementCategory}" design="Bold"/>
					<Text text="{TextFields/AgreementCategory}"/>
					<Label text="{i18n>AgreementClass}" design="Bold"/>
					<Text text="{TextFields/AgreementClass}"/>
					<Label text="{i18n>LegalAgreementStatus}" design="Bold"/>
					<Text text="{TextFields/LegalAgreementStatus}"/>
					<Label text="{i18n>AutoRenewal}" design="Bold"/>
					<Text text="{path: 'ValueFields/AutoRenewal', formatter:'.formatter.flagFormatter'}"/>
				</f:content>
			</f:SimpleForm>
		</Panel>
		<Panel expandable="true" expanded="false" headerText="{i18n>PricingAdjustmentData}" width="auto" class="borderbottoms">
			<f:SimpleForm editable="false" layout="ResponsiveGridLayout" title="" labelSpanXL="6" labelSpanL="6" labelSpanM="12" labelSpanS="12"
				adjustLabelSpan="false" emptySpanXL="0" emptySpanL="0" emptySpanM="0" emptySpanS="0" columnsXL="2" columnsL="2" columnsM="1"
				singleContainerFullSize="false" class="titleheight">
				<f:content>
					<core:Title text=" "/>
					<Label text="{i18n>PricingAdjustmentType}" design="Bold"/>
					<Text text="{TextFields/PriceAdjType}"/>
					<Label text="{i18n>PricingAdjustmentFrequency}" design="Bold"/>
					<Text text="{TextFields/PriceAdjFreq}"/>
					<Label text="{i18n>MinPriceAdjustment} %" design="Bold"/>
					<Text text="{ValueFields/MinPriceAdjPerc}"/>
					<Label text="{i18n>MaxPriceAdjustment} %" design="Bold"/>
					<Text text="{ValueFields/MaxPriceAdjPerc}"/>
					<Label text="{i18n>AdvanceNotice}" design="Bold"/>
					<Text text="{ValueFields/AdvanceNotice}"/>
					<Label text="{i18n>TerminationClause}" design="Bold"/>
					<Text text="{path: 'ValueFields/TerminationClause', formatter:'.formatter.flagFormatter'}"/>
					<Label text="{i18n>ExtraOrdinaryLang}" design="Bold"/>
					<Text text="{path: 'ValueFields/ExtraordinaryLang', formatter:'.formatter.flagFormatter'}"/>
					<core:Title text=""/>
					<Label text="{i18n>MostFavCustomer}" design="Bold"/>
					<Text text="{path: 'ValueFields/MostFavCustomer', formatter:'.formatter.flagFormatter'}"/>
					<Label text="{i18n>LastPriceAdjustmentDate}" design="Bold"/>
					<!--<Text text="{TextFields/LastPriceAdjDate}"/>-->
					<Text text="{path: 'ValueFields/LastPriceAdjDate', formatter:'.formatter.formatDate'}"/>
					<Label text="{i18n>LastPriceAdjustmentpercentage}" design="Bold"/>
					<Text text="{ValueFields/LastPriceAdjRate}"/>
					<Label text="{i18n>PricePlanAdjustmentDate}" design="Bold"/>
					<!--<Text text="{ValueFields/PricePlanAdjDate}"/>-->
					<Text text="{path: 'ValueFields/PricePlanAdjDate', formatter:'.formatter.formatDate'}"/>
					<Label text="{i18n>PricePlanAdjustmentPercentage}" design="Bold"/>
					<Text text="{ValueFields/PricePlanAdjPerc}"/>
					<Label text="{i18n>PricePlanVersion}" design="Bold"/>
					<Text text="{ValueFields/PricePlanVersion}"/>
				</f:content>
			</f:SimpleForm>
		</Panel>
		<Panel expandable="true" expanded="false" headerText="{i18n>CommercialTerms}" width="auto" class="borderbottoms">
			<f:SimpleForm editable="false" layout="ResponsiveGridLayout" title="" labelSpanXL="6" labelSpanL="6" labelSpanM="12" labelSpanS="12"
				adjustLabelSpan="false" emptySpanXL="0" emptySpanL="0" emptySpanM="0" emptySpanS="0" columnsXL="2" columnsL="2" columnsM="1"
				singleContainerFullSize="false" class="titleheight">
				<f:content>
					<core:Title text=" "/>
					<Label text="{i18n>PaymentTerms}" design="Bold"/>
					<Text text="{TextFields/PaymentTerms}"/>
					<core:Title text=""/>
					<Label text="{i18n>MopIndicator}" design="Bold"/>
					<Text text="{TextFields/MOPIndicator}"/>
				</f:content>
			</f:SimpleForm>
		</Panel>
		<Panel expandable="true" expanded="false" headerText="{i18n>OtherAgreementData}" width="auto" class="borderbottoms">
			<f:SimpleForm editable="false" layout="ResponsiveGridLayout" title="" labelSpanXL="6" labelSpanL="6" labelSpanM="12" labelSpanS="12"
				adjustLabelSpan="false" emptySpanXL="0" emptySpanL="0" emptySpanM="0" emptySpanS="0" columnsXL="2" columnsL="2" columnsM="1"
				singleContainerFullSize="false" class="titleheight">
				<f:content>
					<core:Title text=" "/>
					<Label text="{i18n>HierApprovalReq}" design="Bold"/>
					<Text text="{TextFields/HierApprovalReq}"/>
					<Label text="{i18n>AgreementMaterialsOnly}" design="Bold"/>
					<Text text="{TextFields/AgrMaterialsOnly}"/>
					<Label text="{i18n>UnitRequired}" design="Bold"/>
					<Text text="{path: 'ValueFields/UnitNumRequired', formatter:'.formatter.flagFormatter'}"/>
					<Label text="{i18n>PoRequired}" design="Bold"/>
					<Text text="{path: 'ValueFields/PONumRequired', formatter:'.formatter.flagFormatter'}"/>
					<Label text="{i18n>CorporateHqPayer}" design="Bold"/>
					<Text text="{ValueFields/CorpHQPayerNum}"/>
					<Label text="{i18n>CorporateHqBillTo}" design="Bold"/>
					<Text text="{ValueFields/CorpHQBillToNum}"/>
					<Label text="{i18n>PrefInvDelivery}" design="Bold"/>
					<Text text="{TextFields/PrefInvDelivery}"/>
					<core:Title text=" "/>
					<Label text="{i18n>DistributorApproval}" design="Bold"/>
					<Text text="{TextFields/DistributorApproval}"/>
					<Label text="{i18n>CommunicationMethod}" design="Bold"/>
					<Text text="{TextFields/CommunicationMethod}"/>
					<Label text="{i18n>FieldCommunicationLevel}" design="Bold"/>
					<Text text="{TextFields/FieldCommLevel}"/>
					<Label text="{i18n>TaxExemptFormReq}" design="Bold"/>
					<Text text="{path: 'ValueFields/TaxExemptFormReq', formatter:'.formatter.flagFormatter'}"/>
					<Label text="{i18n>ThirdPartyDesignator}" design="Bold"/>
					<Text text="{path: 'ValueFields/ThirdPartyDesignator', formatter:'.formatter.flagFormatter'}"/>
					<Label text="{i18n>ThirdPartyName}" design="Bold"/>
					<Text text="{ValueFields/ThirdPartyName}"/>
					<Label text="{i18n>RelatedAgreementId}" design="Bold"/>
					<Text text="{ValueFields/RelatedAgrID}"/>
				</f:content>
			</f:SimpleForm>
		</Panel>
		<Panel expandable="true" expanded="false" headerText="{i18n>MslAgreementData}" width="auto" class="borderbottoms">
			<f:SimpleForm editable="false" layout="ResponsiveGridLayout" title="" labelSpanXL="6" labelSpanL="6" labelSpanM="12" labelSpanS="12"
				adjustLabelSpan="false" emptySpanXL="0" emptySpanL="0" emptySpanM="0" emptySpanS="0" columnsXL="2" columnsL="2" columnsM="1"
				singleContainerFullSize="false" class="titleheight">
				<f:content>
					<core:Title text=" "/>
					<Label text="{i18n>ProductCategory}" design="Bold"/>
					<Text text="{TextFields/ProductCategory}"/>
					<core:Title text=""/>
					<Label text="{i18n>AgrPriceRanking}" design="Bold"/>
					<Text text="{TextFields/AgrPriceRanking}"/>
				</f:content>
			</f:SimpleForm>
		</Panel>
		<Panel expandable="true" expanded="false" headerText="{DetailHeaderInfo>/Distribution}" width="auto" class="borderbottoms">
			<HBox class="sapUiTinyMarginBottom">
				<Label text="{i18n>PriceAgreement}" design="Bold" class="sapUiTinyMarginEnd"/>
				<Text text="{ValueFields/PricingAgreement}"></Text>
			</HBox>
			<VBox>
				<Table inset="false" class="sapUiSizeCompact" showNoData="false">
					<columns>
						<Column width="20%">
							<Label text="{i18n>DistributorBp}" design="Bold"/>
						</Column>
						<Column minScreenWidth="Desktop" demandPopin="true" width="30%">
							<Label text="{i18n>DistributorName}" design="Bold"/>
						</Column>
						<Column minScreenWidth="Desktop" demandPopin="true" width="20%">
							<Label text="{i18n>ValidFrom}" design="Bold"/>
						</Column>
						<Column minScreenWidth="Desktop" demandPopin="true" width="20%">
							<Label text="{i18n>ValidTo}" design="Bold"/>
						</Column>
					</columns>
				</Table>
				<ScrollContainer height="10.5rem" horizontal="true" vertical="true" focusable="true">
					<Table inset="false" class="sapUiSizeCompact" items="{path: '/AuthDistributorSet',templateShareable : true }"
						updateFinished="onUpdateFinished" updateStarted="onUpdateFinished" id="idDistributionTable" sticky="ColumnHeaders">
						<columns>
							<Column width="20%"></Column>
							<Column minScreenWidth="Desktop" demandPopin="true" width="30%"></Column>
							<Column minScreenWidth="Desktop" demandPopin="true" width="20%"></Column>
							<Column minScreenWidth="Desktop" demandPopin="true" width="20%"></Column>
						</columns>
						<items>
							<ColumnListItem >
								<cells>
									<Text text="{= parseFloat(${DistributorNumber}) }"/>
									<Text text="{DistributorName}"/>
									<Text text="{path:'ValidFrom',formatter:'.formatter.formatDate'}"/>
									<Text text="{path:'ValidTo',formatter:'.formatter.formatDate'}"/>
								</cells>
							</ColumnListItem>
						</items>
						<customData>
							<core:CustomData key="titlecount" value="Distribution" writeToDom="true"/>
						</customData>
					</Table>
				</ScrollContainer>
			</VBox>
		</Panel>
	</VBox>
</core:FragmentDefinition>