<core:FragmentDefinition xmlns:f="sap.ui.layout.form" xmlns:l="sap.ui.layout" xmlns:core="sap.ui.core" xmlns:u="sap.ui.unified"
	xmlns:mvc="sap.ui.core.mvc" xmlns="sap.m">
	<Table showNoData="false">
		<headerToolbar>
			<Toolbar>
				<content>
					<ToolbarSpacer/>
					<Button type="Emphasized" text="{i18n>AddIncentive}" press="onAddIncentivePress"/>
				</content>
			</Toolbar>
		</headerToolbar>
		<columns>
			<Column width="9rem">
				<Label text="{i18n>RebateAgreementNum}" design="Bold"/>
			</Column>
			<Column>
				<Label text="{i18n>SpendTypeDesc}" design="Bold"/>
			</Column>
			<Column>
				<Label text="{i18n>MatFlexGroup}" design="Bold"/>
			</Column>
			<Column width="5rem">
				<Label text="{i18n>CurrOrPerRate}" design="Bold"/>
			</Column>
			<Column width="4rem">
				<Label text="{i18n>CgRate}" design="Bold"/>
			</Column>
			<Column>
				<Label text="{i18n>PaymentFreq}" design="Bold"/>
			</Column>
			<Column>
				<Label text="{i18n>RebateParticipantName}" design="Bold"/>
			</Column>
			<Column width="5rem">
				<Label text="{i18n>ValidFrom}" design="Bold"/>
			</Column>
			<Column width="6rem">
				<Label text="{i18n>ValidTo}" design="Bold"/>
			</Column>
		</columns>
	</Table>
	<ScrollContainer vertical="true" focusable="true" height="167px">
		<Table inset="false" class="sapUiSizeCompact" items="{path: '/RebateSet',templateShareable : true }" id="idIncentivesTbl">
			<columns>
				<Column width="9rem"></Column>
				<Column></Column>
				<Column></Column>
				<Column width="5rem"></Column>
				<Column width="4rem"></Column>
				<Column></Column>
				<Column></Column>
				<Column width="5rem"></Column>
				<Column width="6rem"></Column>
			</columns>
			<items>
				<ColumnListItem >
					<cells>
						<Link text="{RebateNumber}" press="onRebateNumPress"/>
						<Text text="{SpendTypeDesc}"/>
						<Text text="{FlexibleGroupDesc}"/>
						<HBox visible="{= ${Rate} === '0.00' ? false : true}">
							<Text class="sapUiTinyMarginEnd"
								text="{= (${Currency} === '$' || ${Currency} === 'USD') ? '$' : ${Currency} === 'CAD' ? 'C$' : ${Currency}}"
								visible="{= ${Currency} !== '%' ? true : false}"/>
							<ObjectNumber number="{ parts:[{path:'Rate'},{path:'Currency'}], type:'sap.ui.model.type.Currency', formatOptions: {showMeasure: false} }"
								emphasized="false"></ObjectNumber>
							<Text class="sapUiTinyMarginEnd" text="{Currency}" visible="{= ${Currency} === '%' ? true : false}"/>
						</HBox>
						<Text text="{CGRate}" visible="{= ${CGRate} === '0.00000000' ? false : true }"/>
						<Text text="{PeriodProfileDesc}" visible="{= ${DriverType} === 'MS01' ? false : true }"/>
						<HBox>
							<Text text="{i18n>Multiple}" visible="{= ${BusinessPartnerCount} > 1 ? true : false}" class="italic"/>
							<Text text="{= ${BusinessPartnerCount} === 1 ? ${BusinessPartnerDesc} : ''}" visible="{= ${BusinessPartnerCount} === 1 ? true : false}"/>
						</HBox>
						<Text text="{path:'ValidFrom', formatter:'.formatter.formatDate'}"/>
						<Text text="{path:'ValidTo', formatter:'.formatter.formatDate'}"/>
					</cells>
				</ColumnListItem>
			</items>
		</Table>
	</ScrollContainer>
</core:FragmentDefinition>