<core:FragmentDefinition xmlns:f="sap.ui.layout.form" xmlns:l="sap.ui.layout" xmlns:core="sap.ui.core" xmlns:u="sap.ui.unified"
	xmlns:smartTable="sap.ui.comp.smarttable" xmlns:mvc="sap.ui.core.mvc" xmlns="sap.m" xmlns:smartFilterBar="sap.ui.comp.smartfilterbar">
	<smartTable:SmartTable id="idInvoiceDiscountsTable" smartFilterId="smartFilterBar" tableType="ResponsiveTable" editable="false"
		useVariantManagement="false" useTablePersonalisation="true" entitySet="OnInvoiceDiscountSet" showRowCount="true"
		persistencyKey="SmartTableAnalytical_Explored" initiallyVisibleFields="ConditionDesc" useExportToExcel="false"
		enableAutoBinding="true" noData="{i18n>NoResultsFound}" beforeRebindTable="onBeforeRebindTable">
		<Table class="tablebold" updateFinished="onUpdateFinished" updateStarted="onUpdateFinished" visible="{=${ValueFields/IsMSL}===false}">
			<columns>
				<Column id="idInDisSTD" hAlign="Begin">
					<customData>
						<core:CustomData key="p13nData"
							value='\{"columnKey": "CustomerNumber,CustomerDesc", "columnIndex":"1", "leadingProperty": "CustomerNumber,CustomerDesc"}'/>
					</customData>
					<Label text="{i18n>CustomerName}" design="Bold"/>
				</Column>
				<Column id="idInDisPhOne" hAlign="Begin">
					<customData>
						<core:CustomData key="p13nData"
							value='\{"columnKey": "PriceGroup,PriceGroupDesc", "columnIndex":"2", "leadingProperty": "PriceGroup,PriceGroupDesc"}'/>
					</customData>
					<Label text="{i18n>MaterialPriceGroupDesc}" design="Bold"/>
				</Column>
				<Column id="idInDisRate" hAlign="Begin">
					<customData>
						<core:CustomData key="p13nData" value='\{"columnKey": "Rate,Currency", "columnIndex":"4", "leadingProperty": "Rate,Currency"}'/>
					</customData>
					<Label text="{i18n>Rate}" design="Bold"/>
				</Column>
			</columns>
			<items>
				<ColumnListItem>
					<cells>
						<VBox>
							<Text text="{CustomerNumber}"/>
							<Text text="{CustomerDesc}"/>
						</VBox>
						<VBox>
							<Text text="{PriceGroup}"/>
							<Text text="{PriceGroupDesc}"/>
						</VBox>
						<HBox justifyContent="Start">
							<ObjectNumber number="{Rate}" emphasized="false"></ObjectNumber>
							<Text text="{Currency}"/>
						</HBox>
					</cells>
				</ColumnListItem>
			</items>
			<customData>
				<core:CustomData key="titlecount" value="OnInvoiceDiscounts" writeToDom="true"/>
			</customData>
		</Table>
	</smartTable:SmartTable>
</core:FragmentDefinition>