<core:FragmentDefinition xmlns:f="sap.ui.layout.form" xmlns:l="sap.ui.layout" xmlns:core="sap.ui.core" xmlns:u="sap.ui.unified"
	xmlns:smartTable="sap.ui.comp.smarttable" xmlns:ui="sap.ui.table" xmlns:mvc="sap.ui.core.mvc" xmlns="sap.m"
	xmlns:smartFilterBar="sap.ui.comp.smartfilterbar">
	<smartTable:SmartTable id="idMSLTable" tableType="ResponsiveTable" editable="false" useVariantManagement="false"
		useTablePersonalisation="true" entitySet="MSLPriceSet" tableBindingPath="{path: '/MSLPriceSet',templateShareable : true}"
		showRowCount="true" persistencyKey="SmartTableAnalytical_Explored" useExportToExcel="false" enableAutoBinding="true" noData="{i18n>NoData}"
		beforeRebindTable="onBeforeRebindMsnlTable" visible="{=${ValueFields/IsMSL}}" class="sapUiSizeCompact">
		<smartTable:customToolbar>
			<Toolbar>
				<content>
					<ToolbarSpacer></ToolbarSpacer>
					<Button type="Emphasized" icon="sap-icon://sort" press="MSLSortAndFilterPress">
						<customData>
							<core:CustomData key="SortKey" value="Sort"/>
						</customData>
					</Button>
					<Button type="{MslFilter>/IsFiltered}" icon="sap-icon://filter" press="MSLSortAndFilterPress">
						<customData>
							<core:CustomData key="FilterKey" value="Filter"/>
						</customData>
					</Button>
					<SearchField width="30%" search="onSearchMsl"></SearchField>
				</content>
			</Toolbar>
		</smartTable:customToolbar>
		<ui:Table id="idMSLPriceTbl" selectionMode="None" class="tablebold" width="100%">
			<ui:columns>
				<ui:Column width="15.2rem" hAlign="Begin">
					<ui:customData>
						<core:CustomData key="p13nData"
							value='\{"columnKey": "MaterialNumber,MaterialDesc", "columnIndex":"0", "leadingProperty": "MaterialNumber,MaterialDesc"}'/>
					</ui:customData>
					<Label text="{i18n>MaterialAndDesc}" design="Bold"/>
					<ui:template>
						<VBox>
							<Text text="{MaterialNumber}"/>
							<Text text="{MaterialDesc}"/>
						</VBox>
					</ui:template>
				</ui:Column>
				<ui:Column width="5.69rem">
					<ui:customData>
						<core:CustomData key="p13nData" value='\{"columnKey": "TierID", "columnIndex":"1", "leadingProperty": "TierID"}'/>
					</ui:customData>
					<Label text="{i18n>TID}" design="Bold"/>
					<ui:template>
						<Text text="{path:'TierID'}"/>
					</ui:template>
				</ui:Column>
				<ui:Column width="6rem">
					<ui:customData>
						<core:CustomData key="p13nData" value='\{"columnKey": "Rate", "columnIndex":"2", "leadingProperty": "Rate"}'/>
					</ui:customData>
					<Label text="{i18n>Rate1}" design="Bold"/>
					<ui:template>
						<Text text="{path:'Rate',formatter:'.formatter.formatMSLRate'}"/>
					</ui:template>
				</ui:Column>
				<ui:Column width="6rem" hAlign="Center">
					<ui:customData>
						<core:CustomData key="p13nData" value='\{"columnKey": "PriceInclFreight", "columnIndex":"3", "leadingProperty": "PriceInclFreight"}'/>
					</ui:customData>
					<Text text="{i18n>FreightIncl}" design="Bold"/>
					<ui:template>
						<core:Icon src="{= ${PriceInclFreight} ? '' : 'sap-icon://accept'}" color="green"/>
					</ui:template>
				</ui:Column>
				<ui:Column width="7.1rem" hAlign="Center">
					<ui:customData>
						<core:CustomData key="p13nData" value='\{"columnKey": "OriginalAgreement", "columnIndex":"4", "leadingProperty": "OriginalAgreement"}'/>
					</ui:customData>
					<Label text="{i18n>OriginalAgreement}" design="Bold"/>
					<ui:template>
						<core:Icon src="{= ${OriginalAgreement} ? 'sap-icon://accept' : ''}" color="green"/>
					</ui:template>
				</ui:Column>
				<ui:Column width="5.5rem" hAlign="Center">
					<ui:customData>
						<core:CustomData key="p13nData" value='\{"columnKey": "GovtBids", "columnIndex":"5", "leadingProperty": "GovtBids"}'/>
					</ui:customData>
					<Label text="{i18n>GovtBids}" design="Bold"/>
					<ui:template>
						<core:Icon src="{= ${GovtBids} ? 'sap-icon://accept' : ''}" color="green"/>
					</ui:template>
				</ui:Column>
			</ui:columns>
			<ui:customData>
				<core:CustomData key="titlecount" value="MSLPrice" writeToDom="true"/>
			</ui:customData>
		</ui:Table>
	</smartTable:SmartTable>
</core:FragmentDefinition>