<core:FragmentDefinition xmlns:f="sap.ui.layout.form" xmlns:l="sap.ui.layout" xmlns:core="sap.ui.core" xmlns:u="sap.ui.unified"
	xmlns:smartTable="sap.ui.comp.smarttable" xmlns:mvc="sap.ui.core.mvc" xmlns="sap.m" xmlns:smartFilterBar="sap.ui.comp.smartfilterbar">
	<smartTable:SmartTable id="idMiniOrderTable" smartFilterId="smartFilterBar" tableType="ResponsiveTable" editable="false"
		useVariantManagement="false" useTablePersonalisation="true" showRowCount="true" entitySet="SurchargeSet"
		initiallyVisibleFields="ConditionDesc" persistencyKey="SmartTableAnalytical_Explored" useExportToExcel="false" enableAutoBinding="true"
		noData="{i18n>DivisionDefault}" beforeRebindTable="onBeforeRebindMiniOrderTable">
		<Table class="tablebold" updateFinished="onUpdateFinished" updateStarted="onUpdateFinished">
			<columns>
				<Column width="356px" hAlign="Begin">
					<customData>
						<core:CustomData key="p13nData"
							value='\{"columnKey": "CustomerNumber,CustomerDesc", "columnIndex":"1", "leadingProperty": "CustomerNumber,CustomerDesc"}'/>
					</customData>
					<Label text="{i18n>SoldToDescription}" design="Bold"/>
				</Column>
				<Column width="80px" hAlign="End">
					<customData>
						<core:CustomData key="p13nData" value='\{"columnKey": "Rate,Currency", "columnIndex":"2", "leadingProperty": "Rate,Currency"}'/>
					</customData>
					<Label text="{i18n>Rate}" design="Bold"/>
				</Column>
				<Column width="302px" hAlign="Center">
					<customData>
						<core:CustomData key="p13nData" value='\{"columnKey": "HasScales", "columnIndex":"3", "leadingProperty": "HasScales"}'/>
					</customData>
					<Label text="{i18n>Scales}" design="Bold"/>
				</Column>
				<Column width="0.1rem" hAlign="Begin">
					<customData>
						<core:CustomData key="p13nData" value='\{"columnKey": "ConditionNumber", "columnIndex":"9", "leadingProperty": "ConditionNumber"}'/>
					</customData>
					<Text text=""/>
				</Column>
			</columns>
			<items>
				<ColumnListItem>
					<cells>
						<VBox>
							<Text text="{CustomerNumber}"/>
							<Text text="{CustomerDesc}"/>
						</VBox>
						<HBox justifyContent="End">
							<Text class="sapUiTinyMarginEnd" text="{=${Currency} === 'USD' ? '$': ${Currency} === 'CAD' ? 'C$' : ${Currency}}"/>
							<ObjectNumber number="{ parts:[{path:'Rate'},{path:'Currency'}], type:'sap.ui.model.type.Currency', formatOptions: {showMeasure: false} }"
								emphasized="false"></ObjectNumber>
						</HBox>
						<core:Icon src="{= ${HasScales} ? 'sap-icon://accept' : ''}" color="green" press="onScalePress"/>
						<Text text=""/>
					</cells>
				</ColumnListItem>
			</items>
			<customData>
				<core:CustomData key="titlecount" value="MinOrderCharge" writeToDom="true"/>
			</customData>
		</Table>
	</smartTable:SmartTable>
</core:FragmentDefinition>