<core:FragmentDefinition xmlns="sap.m" xmlns:commons="sap.ui.commons" xmlns:core="sap.ui.core" xmlns:l="sap.ui.layout"
	xmlns:f="sap.ui.layout.form">
	<ViewSettingsDialog title="{i18n>Title}" class="sapUiSizeCompact text-centers" confirm="onMSLPriceSortAndFilterConfirm"
		cancel="handleCancel" resetFilters="onResetMSLPricingFilterValues" filterDetailPageOpened="onMSLPriceFilterDetailPageOpened">
		<sortItems>
			<ViewSettingsItem text="{i18n>Material}" key="MaterialNumber" selected="true"/>
			<ViewSettingsItem text="{i18n>MaterialDesc}" key="MaterialDesc"/>
			<ViewSettingsItem text="{i18n>TID}" key="TierID"/>
			<ViewSettingsItem text="{i18n>Rate}" key="TierRate"/>
			<ViewSettingsItem text="{i18n>FreightIncl}" key="PriceInclFreight"/>
			<ViewSettingsItem text="{i18n>OnOriginalAgreement}" key="OriginalAgreement"/>
			<ViewSettingsItem text="{i18n>Bid}" key="GovtBids"/>
		</sortItems>
		<filterItems>
			<ViewSettingsCustomItem text="{i18n>Material}" key="MaterialNumber">
				<customControl>
					<VBox>
						<f:SimpleForm editable="true" layout="ResponsiveGridLayout" singleContainerFullSize="true">
							<f:content>
								<Label text="{i18n>Material}"/>
								<Input value="{MslFilter>/MaterialSearch/MaterialNumber}">
									<layoutData>
										<l:GridData span="XL4 L4 M4 S4"/>
									</layoutData>
								</Input>
								<Label text="{i18n>MaterialDesc}"/>
								<Input value="{MslFilter>/MaterialSearch/MaterialDesc}">
									<layoutData>
										<l:GridData span="XL4 L4 M4 S4"/>
									</layoutData>
								</Input>
								<Label text="{i18n>Status}"/>
								<MultiComboBox class="multicomboboxfont" selectedKeys="{MslFilter>/MaterialSearch/SelectedStatuses}" showButton="true"
									items="{path: 'ProdStatusModel>/StatusList',templateShareable : true }" selectionChange="onStatusClick">
									<core:Item key="{ProdStatusModel>Key}" text="{ProdStatusModel>Value}"/>
									<layoutData>
										<l:GridData span="XL4 L4 M4 S4"/>
									</layoutData>
								</MultiComboBox>
								<!--<Label text="{i18n>TID}"/>-->
								<!--<Input value="{MslFilter>/TierID}">-->
								<!--	<layoutData>-->
								<!--		<l:GridData span="XL4 L4 M4 S4"/>-->
								<!--	</layoutData>-->
								<!--</Input>-->
								<!--<Label text="{i18n>Rate}"/>-->
								<Button text="{i18n>Go}" press="onMSLNumSearchPress">
									<layoutData>
										<l:GridData span="XL2 L2 M2 S2"/>
									</layoutData>
								</Button>
							</f:content>
						</f:SimpleForm>
						<Table mode="MultiSelect" id="MaterialsTable" items="{MslFilter>/MaterialSearch/MaterialValueHelpSet}" growing="true"
							growingScrollToLoad="true" growingThreshold="5" selectionChange="onMSLTableSelect" busy="{MslFilter>/MaterialSearch/tableBusy}">
							<columns>
								<Column>
									<Label text="{i18n>Material}"/>
								</Column>
								<Column>
									<Label text="{i18n>MaterialDesc}"/>
								</Column>
								<Column>
									<Label text="{i18n>Status}"/>
								</Column>
								<Column>
									<Label text="{i18n>SalesOrg}"/>
								</Column>
								<Column>
									<Label text="{i18n>DistributionChannel}"/>
								</Column>
							</columns>
							<items>
								<ColumnListItem>
									<cells>
										<Text text="{MslFilter>MaterialNumber}"/>
										<Text text="{MslFilter>MaterialDescription}"/>
										<Text text="{MslFilter>Status}"/>
										<Text text="{MslFilter>SalesOrg}"/>
										<Text text="{MslFilter>DistributionChannel}"/>
									</cells>
								</ColumnListItem>
							</items>
						</Table>
					</VBox>
				</customControl>
			</ViewSettingsCustomItem>
			<ViewSettingsCustomItem text="{i18n>MaterialDesc}" key="MaterialDesc">
				<customControl>
					<f:SimpleForm editable="false" layout="ResponsiveGridLayout" singleContainerFullSize="true">
						<f:content>
							<core:Title text="{i18n>MaterialDesc}"></core:Title>
							<Input value="{MslFilter>/MaterialDesc}"></Input>
						</f:content>
					</f:SimpleForm>
				</customControl>
			</ViewSettingsCustomItem>
			<ViewSettingsCustomItem text="{i18n>Rate}" key="TierRate">
				<customControl>
					<f:SimpleForm editable="false" layout="ResponsiveGridLayout" singleContainerFullSize="true">
						<f:content>
							<core:Title text="{i18n>Rate}"></core:Title>
							<Input value="{MslFilter>/TierRate}"></Input>
						</f:content>
					</f:SimpleForm>
				</customControl>
			</ViewSettingsCustomItem>
			<ViewSettingsCustomItem text="{i18n>TID}" key="TierID">
				<customControl>
					<f:SimpleForm editable="false" layout="ResponsiveGridLayout" singleContainerFullSize="true">
						<f:content>
							<core:Title text="{i18n>TID}"></core:Title>
							<Input value="{MslFilter>/TierID}"></Input>
						</f:content>
					</f:SimpleForm>
				</customControl>
			</ViewSettingsCustomItem>
		</filterItems>
	</ViewSettingsDialog>
</core:FragmentDefinition>