<core:FragmentDefinition xmlns:form="sap.ui.layout.form" xmlns:core="sap.ui.core" xmlns:commons="sap.suite.ui.commons"
	xmlns:mvc="sap.ui.core.mvc" xmlns="sap.m">
	<VBox class="noCommentsAlign">
		<commons:Timeline enableBackendFilter="false" lazyLoading="true"
		 class="timedesign" showHeaderBar="false" showIcons="false">
			<commons:content>
				<commons:TimelineItem dateTime="" text="{= ${ManagementNoteSet/NoteText} !== '' ? ${ManagementNoteSet/NoteText} : ${i18n>NoNotesComments}}" ></commons:TimelineItem>
			</commons:content>
			<commons:layoutData>
				<FlexItemData growFactor="1"/>
			</commons:layoutData>
		</commons:Timeline>
		<!--<Label text="{i18n>NoNotesComments}" visible="{=${ManagementNoteSet/NoteText} === '' ? true : false}"/>-->
	</VBox>
</core:FragmentDefinition>