<core:FragmentDefinition xmlns:f="sap.ui.layout.form" xmlns:l="sap.ui.layout" xmlns:core="sap.ui.core" xmlns:u="sap.ui.unified"
	xmlns:smartTable="sap.ui.comp.smarttable" xmlns:mvc="sap.ui.core.mvc" xmlns="sap.m" xmlns:smartFilterBar="sap.ui.comp.smartfilterbar">
	<VBox>
		<smartTable:SmartTable id="idPickupAllowanceTable" tableType="ResponsiveTable" editable="false" useVariantManagement="false"
			useTablePersonalisation="true" initiallyVisibleFields="" showRowCount="true" entitySet="SurchargeSet"
			persistencyKey="SmartTableAnalytical_Explored" useExportToExcel="false" enableAutoBinding="true" noData="{i18n>DivisionDefault}"
			beforeRebindTable="onBeforeRebindPickUpAllowTable">
			<Table class="tablebold" updateFinished="onUpdateFinished" updateStarted="onUpdateFinished">
				<columns>
					<Column width="150px" hAlign="Begin">
						<customData>
							<core:CustomData key="p13nData"
								value='\{"columnKey": "CustomerNumber,CustomerDesc", "columnIndex":"0", "leadingProperty": "CustomerNumber,CustomerDesc"}'/>
						</customData>
						<Label text="{i18n>CustomerDescription}" design="Bold"/>
					</Column>
					<Column width="150px" hAlign="Begin">
						<customData>
							<core:CustomData key="p13nData" value='\{"columnKey": "Plant,PlantDesc", "columnIndex":"1", "leadingProperty": "Plant,PlantDesc"}'/>
						</customData>
						<Label text="{i18n>Plant}" design="Bold"/>
					</Column>
					<Column width="67px" hAlign="Begin">
						<customData>
							<core:CustomData key="p13nData" value='\{"columnKey": "Rate,Currency", "columnIndex":"2", "leadingProperty": "Rate,Currency"}'/>
						</customData>
						<Label text="{i18n>Rate}" design="Bold"/>
					</Column>
					<Column width="100px" hAlign="Center">
						<customData>
							<core:CustomData key="p13nData" value='\{"columnKey": "HasScales", "columnIndex":"3", "leadingProperty": "HasScales"}'/>
						</customData>
						<Label text="{i18n>Scales}" design="Bold"/>
					</Column>
					<Column width="0.1rem" hAlign="Begin">
						<customData>
							<core:CustomData key="p13nData" value='\{"columnKey": "ConditionNumber", "columnIndex":"9", "leadingProperty": "ConditionNumber"}'/>
						</customData>
						<Text text=""/>
					</Column>
				</columns>
				<items>
					<ColumnListItem>
						<cells>
							<VBox>
								<Text text="{CustomerNumber}"/>
								<Text text="{CustomerDesc}"/>
							</VBox>
							<VBox>
								<Text text="{Plant}"/>
								<Text text="{PlantDesc}"/>
							</VBox>
							<HBox justifyContent="Start">
								<ObjectNumber number="{ parts:[{path:'Rate'},{path:'Currency'}], type:'sap.ui.model.type.Currency', formatOptions: {showMeasure: false} }"
									emphasized="false"></ObjectNumber>
								<Text class="sapUiTinyMarginEnd" text="{Currency}"/>
							</HBox>
							<core:Icon src="{= ${HasScales} ? 'sap-icon://accept' : ''}" color="green" press="onScalePress"/>
							<Text text=""/>
						</cells>
					</ColumnListItem>
				</items>
				<customData>
					<core:CustomData key="titlecount" value="PickupAllowance" writeToDom="true"/>
				</customData>
			</Table>
		</smartTable:SmartTable>
	</VBox>
</core:FragmentDefinition>