<core:FragmentDefinition xmlns:f="sap.ui.layout.form" xmlns:l="sap.ui.layout" xmlns:core="sap.ui.core" xmlns:u="sap.ui.unified"
	xmlns:smartTable="sap.ui.comp.smarttable" xmlns:mvc="sap.ui.core.mvc" xmlns="sap.m" xmlns:smartFilterBar="sap.ui.comp.smartfilterbar">
	<smartTable:SmartTable id="idPrepayAndAddFrieght" smartFilterId="smartFilterBar" tableType="ResponsiveTable" editable="false"
		useVariantManagement="false" useTablePersonalisation="true" showRowCount="true" entitySet="SurchargeSet"
		persistencyKey="SmartTableAnalytical_Explored" useExportToExcel="false" enableAutoBinding="true" noData="{i18n>DivisionDefault}"
		beforeRebindTable="onBeforePrepayAndAddFrieghtTable">
		<Table class="tablebold" growingThreshold="10" growingScrollToLoad="true" growing="true" updateFinished="onUpdateFinished"
			updateStarted="onUpdateFinished">
			<columns>
				<Column hAlign="Begin">
					<customData>
						<core:CustomData key="p13nData"
							value='\{"columnKey": "CustomerNumber,CustomerDesc", "columnIndex":"0", "leadingProperty": "CustomerNumber,CustomerDesc"}'/>
					</customData>
					<Label text="{i18n>SoldToDescription}" design="Bold"/>
				</Column>
				<Column hAlign="Begin">
					<customData>
						<core:CustomData key="p13nData" value='\{"columnKey": "Applicable", "columnIndex":"1", "leadingProperty": "Applicable"}'/>
					</customData>
					<Label text="{i18n>applicable}" design="Bold"/>
				</Column>
			</columns>
			<items>
				<ColumnListItem>
					<cells>
						<HBox>
							<Text text="{CustomerNumber}"/>
							<Text text="{CustomerDesc}" class="marginLeft"/>
						</HBox>
						<Text class="sapUiSmallMarginBegin" text="{path: 'Applicable', formatter:'.formatter.flagFormatter'}"/>
					</cells>
				</ColumnListItem>
			</items>
			<customData>
				<core:CustomData key="titlecount" value="PrepayAndAddFreight" writeToDom="true"/>
			</customData>
		</Table>
	</smartTable:SmartTable>
</core:FragmentDefinition>