<core:FragmentDefinition xmlns:f="sap.ui.layout.form" xmlns:l="sap.ui.layout" xmlns:core="sap.ui.core" xmlns:u="sap.ui.unified"
	xmlns:mvc="sap.ui.core.mvc" xmlns="sap.m">
	<Panel expandable="true" expanded="false" headerText="{DetailHeaderInfo>/DirectCustomerPriceException}" width="auto" class="borderbottoms" visible="{=${ValueFields/IsMSL}===false}">
		<Table inset="false" class="sapUiSizeCompact" showNoData="false">
			<columns>
				<Column width="16.75rem">
					<Label text="{i18n>CustomerName}" design="Bold"/>
				</Column>
				<Column minScreenWidth="Desktop" demandPopin="true" width="15.5rem">
					<Label text="{i18n>MaterialNumAndDesc}" design="Bold"/>
				</Column>
				<Column minScreenWidth="Desktop" demandPopin="true" width="7rem">
					<Label text="{i18n>ExceptionRate}" design="Bold"/>
				</Column>
				<Column minScreenWidth="Desktop" demandPopin="true" width="2rem">
					<Label text="{i18n>Per}" design="Bold"/>
				</Column>
				<Column minScreenWidth="Desktop" demandPopin="true" width="7rem">
					<Label text="{i18n>Variance}" design="Bold" wrapping="false"/>
				</Column>
				<Column minScreenWidth="Desktop" demandPopin="true" width="6.7rem">
					<Label text="{i18n>Conditions}" design="Bold"/>
				</Column>
				<Column minScreenWidth="Desktop" demandPopin="true" hAlign="Center">
					<Label text="{i18n>FreightIncl}" design="Bold"/>
				</Column>
			</columns>
		</Table>
		<ScrollContainer vertical="true" focusable="true" height="167px">
			<Table inset="false" class="sapUiSizeCompact" items="{path: '/PriceExceptionSet',templateShareable : true}"
				growing="true" growingThreshold="100" id="idPriceExceptionTbl">
				<columns>
					<Column width="16.75rem"></Column>
					<Column minScreenWidth="Desktop" demandPopin="true" width="15.5rem"></Column>
					<Column minScreenWidth="Desktop" demandPopin="true" width="7rem"></Column>
					<Column minScreenWidth="Desktop" demandPopin="true" width="2rem"></Column>
					<Column minScreenWidth="Desktop" demandPopin="true" width="5rem"></Column>
					<Column minScreenWidth="Desktop" demandPopin="true" width="9rem"></Column>
					<Column minScreenWidth="Desktop" demandPopin="true" hAlign="Center"></Column>
				</columns>
				<items>
					<ColumnListItem>
						<cells>
							<VBox class="sapUiNoMarginEnd">
								<Text text="{path:'CustomerNumber',formatter:'.formatter.trimLeadingZerosSubstr'}"/>
								<Text text="{CustomerDesc}"/>
							</VBox>
							<VBox class="sapUiNoMarginEnd">
								<Text text="{MaterialNumber}"/>
								<Text text="{MaterialDesc}"/>
							</VBox>
							<Text text="{=${Currency} === 'USD' ? '$' : ${Currency} === 'CAD' ? 'C$' : ${Currency}} {Rate} "/>
							<Text text="{Per}"></Text>
							<HBox>
								<core:Icon src="sap-icon://arrow-bottom" color='red' visible="{= (Number(${VarianceRate}) !== 0) &amp;&amp; ${IsNegativeVariance} }"/>
								<core:Icon src="sap-icon://arrow-top" color='green' visible="{= (Number(${VarianceRate}) !== 0) &amp;&amp; !${IsNegativeVariance} }"/>
								<Text text="{=${HasAgreementPrice}===false ? '':${Currency} === 'USD' ? '$' : ${Currency} === 'CAD' ? 'C$' : ${Currency}}"
									class="sapUiTinyMarginBegin"/>
								<Text text="{= ${HasAgreementPrice} ? Number(${VarianceRate}) : ${i18n>NA} }" class="marginLeft"/>
							</HBox>
							<Text text="{ConditionKeyDesc}"/>
							<core:Icon src="{= ${PriceInclFreight} ? '' : 'sap-icon://accept'}" color="green"/>
						</cells>
					</ColumnListItem>
				</items>
				<customData>
					<core:CustomData key="titlecount" value="DirectCustomerPriceException" writeToDom="true"/>
				</customData>
			</Table>
		</ScrollContainer>
	</Panel>
</core:FragmentDefinition>