<core:FragmentDefinition xmlns:f="sap.ui.layout.form" xmlns:l="sap.ui.layout" xmlns:core="sap.ui.core" xmlns:u="sap.ui.unified"
	xmlns:mvc="sap.ui.core.mvc" xmlns="sap.m">
	<Panel expandable="true" expanded="false"
		headerText="{ parts:['ValueFields/IsMSL', 'DetailHeaderInfo>/Products', 'DetailHeaderInfo>/MSLPrice'] ,formatter:'.formatter.headerName'}"
		width="auto" class="borderbottoms">
		<!--<ScrollContainer horizontal="true" vertical="true" focusable="true">-->
		<Table showNoData="false" class="sapUiSizeCompact" visible="{=${ValueFields/IsMSL}===false}">
			<headerToolbar>
				<Toolbar>
					<content>
						<ToolbarSpacer/>
						<Button type="Emphasized" icon="sap-icon://sort" press="ProductsSortAndFilterPress">
							<customData>
								<core:CustomData key="SortKey" value="Sort"/>
							</customData>
						</Button>
						<Button type="{ProductsFilter>/IsFiltered}" icon="sap-icon://filter" press="ProductsSortAndFilterPress">
							<customData>
								<core:CustomData key="FilterKey" value="Filter"/>
							</customData>
						</Button>
						<SearchField search="onSearchProducts" width="30%"/>
					</content>
				</Toolbar>
			</headerToolbar>
			<columns>
				<Column width="25%">
					<Label text="{i18n>MaterialAndDesc}" design="Bold"/>
				</Column>
				<Column minScreenWidth="Desktop" demandPopin="true" hAlign="Center" width="12%">
					<Label text="{i18n>Rate}" design="Bold"/>
				</Column>
				<Column minScreenWidth="Desktop" demandPopin="true" hAlign="Center" width="7%">
					<Label text="{i18n>Per}" design="Bold"/>
				</Column>
				<Column minScreenWidth="Desktop" demandPopin="true" hAlign="Center" width="12%">
					<Label text="{i18n>Conditions}" design="Bold"/>
				</Column>
				<Column minScreenWidth="Desktop" demandPopin="true" hAlign="Center" width="12%">
					<Label text="{i18n>FreightIncl}" design="Bold"/>
				</Column>
				<Column minScreenWidth="Desktop" demandPopin="true" hAlign="Center" width="12%">
					<Label text="{i18n>GovtBids}" design="Bold"/>
				</Column>
				<Column minScreenWidth="Desktop" demandPopin="true" hAlign="Center" width="12%">
					<Label text="{i18n>OriginalAgreement}" design="Bold"/>
				</Column>
			</columns>
		</Table>
		<ScrollContainer height="360px" horizontal="true" vertical="true" focusable="true" visible="{=${ValueFields/IsMSL}===false}">
			<Table inset="false" class="sapUiSizeCompact" items="{path: '/ProductSet',templateShareable : true }" id="idProductsTbl" growing="true"
				growingScrollToLoad="true" growingThreshold="20" noDataText="{i18n>NoDataTextForProducts}">
				<columns>
					<Column width="25%"></Column>
					<Column minScreenWidth="Desktop" demandPopin="true" hAlign="Center" width="12%"></Column>
					<Column minScreenWidth="Desktop" demandPopin="true" hAlign="Center" width="7%"></Column>
					<Column minScreenWidth="Desktop" demandPopin="true" hAlign="Center" width="12%"></Column>
					<Column minScreenWidth="Desktop" demandPopin="true" hAlign="Center" width="12%"></Column>
					<Column minScreenWidth="Desktop" demandPopin="true" hAlign="Center" width="12%"></Column>
					<Column minScreenWidth="Desktop" demandPopin="true" hAlign="Center" width="12%"></Column>
				</columns>
				<items>
					<ColumnListItem>
						<cells>
							<HBox>
								<Text text="{MaterialNumber}"/>
								<Text text="{MaterialDesc}" class="marginLeft"/>
							</HBox>
							<Text
								text="{=${Currency} === 'USD' ? '$' : ${Currency} === 'CAD' ? 'C$' : ${Currency}} {path: 'Rate', formatter:'.formatter.formatFromNumber'} "/>
							<Text text="{Per}"/>
							<Text text="{ConditionKeyDesc}"/>
							<core:Icon src="{= ${PriceInclFreight} ? '' : 'sap-icon://accept'}" color="green"/>
							<core:Icon src="{= ${GovtBids} ? 'sap-icon://accept' : ''}" color="green"/>
							<core:Icon src="{= ${OriginalAgreement} ? 'sap-icon://accept' : ''}" color="green"/>
						</cells>
					</ColumnListItem>
				</items>
				<customData>
					<core:CustomData key="titlecount" value="Products" writeToDom="true"/>
				</customData>
			</Table>
		</ScrollContainer>
		<ScrollContainer horizontal="false">
			<core:Fragment fragmentName="com.ecolab.ZASBMasterAgr.fragment.MembershipList" type="XML"/>
		</ScrollContainer>
	</Panel>
</core:FragmentDefinition>