<core:FragmentDefinition xmlns="sap.m" xmlns:commons="sap.ui.commons" xmlns:core="sap.ui.core" xmlns:l="sap.ui.layout"
	xmlns:f="sap.ui.layout.form">
	<ViewSettingsDialog title="{i18n>Title}" class="sapUiSizeCompact text-centers" confirm="onProdSortAndFilterConfirm" cancel="handleCancel"
		resetFilters="onResetProductsFilterValues" filterDetailPageOpened="onProdFilterDetailPageOpened">
		<sortItems>
			<ViewSettingsItem text="{i18n>MaterialNumber}" key="MaterialNumber" selected="true"/>
			<ViewSettingsItem text="{i18n>MaterialDesc}" key="MaterialDesc"/>
			<ViewSettingsItem text="{i18n>Condition}" key="ConditionKey"/>
			<ViewSettingsItem text="{i18n>FreightIncl}" key="PriceInclFreight"/>
			<ViewSettingsItem text="{i18n>OnOriginalAgreement}" key="OriginalAgreement"/>
			<ViewSettingsItem text="{i18n>Bid}" key="GovtBids"/>
		</sortItems>
		<filterItems>
			<ViewSettingsCustomItem text="{i18n>MaterialNumber}" key="MaterialNum">
				<customControl>
					<VBox>
						<f:SimpleForm editable="true" layout="ResponsiveGridLayout" singleContainerFullSize="true">
							<f:content>
								<Label text="{i18n>MaterialNumber}"/>
								<Input value="{ProductsFilter>/MaterialSearch/MaterialNum}">
									<layoutData>
										<l:GridData span="XL4 L4 M4 S4"/>
									</layoutData>
								</Input>
								<Label text="{i18n>MaterialDesc}"/>
								<Input value="{ProductsFilter>/MaterialSearch/MaterialDesc}">
									<layoutData>
										<l:GridData span="XL4 L4 M4 S4"/>
									</layoutData>
								</Input>
								<Label text="{i18n>Status}"/>
								<MultiComboBox class="multicomboboxfont" selectedKeys="{ProductsFilter>/MaterialSearch/SelectedStatuses}" showButton="true"
									items="{path: 'ProdStatusModel>/StatusList',templateShareable : true }" selectionChange="onStatusClick">
									<core:Item key="{ProdStatusModel>Key}" text="{ProdStatusModel>Value}"/>
									<layoutData>
										<l:GridData span="XL4 L4 M4 S4"/>
									</layoutData>
								</MultiComboBox>
								<Button text="{i18n>Go}" press="onMaterailNumSerachPress">
									<layoutData>
										<l:GridData span="XL2 L2 M2 S2"/>
									</layoutData>
								</Button>
							</f:content>
						</f:SimpleForm>
						<Table mode="MultiSelect" id="MaterialsTable" items="{ProductsFilter>/MaterialSearch/MaterialValueHelpSet}" growing="true"
							growingScrollToLoad="true" growingThreshold="5" selectionChange="onMaterialListTableSelect"
							busy="{ProductsFilter>/MaterialSearch/tableBusy}">
							<columns>
								<Column>
									<Label text="{i18n>MaterialNumber}"/>
								</Column>
								<Column>
									<Label text="{i18n>MaterialDesc}"/>
								</Column>
								<Column>
									<Label text="{i18n>Status}"/>
								</Column>
								<Column>
									<Label text="{i18n>SalesOrg}"/>
								</Column>
								<Column>
									<Label text="{i18n>DistributionChannel}"/>
								</Column>
							</columns>
							<items>
								<ColumnListItem>
									<cells>
										<Text text="{ProductsFilter>MaterialNumber}"/>
										<Text text="{ProductsFilter>MaterialDescription}"/>
										<Text text="{ProductsFilter>Status}"/>
										<Text text="{ProductsFilter>SalesOrg}"/>
										<Text text="{ProductsFilter>DistributionChannel}"/>
									</cells>
								</ColumnListItem>
							</items>
						</Table>
					</VBox>
				</customControl>
			</ViewSettingsCustomItem>
			<ViewSettingsCustomItem text="{i18n>MaterialDesc}" key="MaterialDesc">
				<customControl>
					<f:SimpleForm editable="false" layout="ResponsiveGridLayout" singleContainerFullSize="true">
						<f:content>
							<core:Title text="{i18n>MaterialDesc}"></core:Title>
							<Input value="{ProductsFilter>/MaterialDesc}"></Input>
						</f:content>
					</f:SimpleForm>
				</customControl>
			</ViewSettingsCustomItem>
			<ViewSettingsCustomItem text="{i18n>Condition}" key="Condition">
				<customControl>
					<f:SimpleForm editable="false" layout="ResponsiveGridLayout" singleContainerFullSize="true">
						<f:content>
							<core:Title text="{i18n>Condition}"></core:Title>
							<ComboBox items="{ConditionModel>/Product/FieldProperties/KeyValueSet/results/}" selectionChange="onChangeConditionType" selectedKey="{ProductsFilter>/Condition}">
								<core:Item key="{ConditionModel>Key}" text="{ConditionModel>Value}"/>
							</ComboBox>
						</f:content>
					</f:SimpleForm>
				</customControl>
			</ViewSettingsCustomItem>
			<ViewSettingsCustomItem text="{i18n>FreightIncl}" key="FreightIncl">
				<customControl>
					<f:SimpleForm editable="false" layout="ResponsiveGridLayout" singleContainerFullSize="true">
						<f:content>
							<core:Title text="{i18n>FreightIncl}"></core:Title>
							<Switch id="idFreightIncl" change="onChangeBulkFrieght" customTextOn="{i18n>Yes}" customTextOff="{i18n>No}" state="{ProductsFilter>/FreightIncl}"></Switch>
						</f:content>
					</f:SimpleForm>
				</customControl>
			</ViewSettingsCustomItem>
			<ViewSettingsCustomItem text="{i18n>OnOriginalAgreement}" key="OnOrigAgr">
				<customControl>
					<f:SimpleForm editable="false" layout="ResponsiveGridLayout" singleContainerFullSize="true">
						<f:content>
							<core:Title text="{i18n>OnOriginalAgreement}"></core:Title>
							<Switch id="idOrgAgmtSwitch" change="onChangeOrigAgr" customTextOn="{i18n>Yes}" customTextOff="{i18n>No}" state="{ProductsFilter>/OnOrigAgr}"></Switch>
						</f:content>
					</f:SimpleForm>
				</customControl>
			</ViewSettingsCustomItem>
			<ViewSettingsCustomItem text="{i18n>Bid}" key="Bid">
				<customControl>
					<f:SimpleForm editable="false" layout="ResponsiveGridLayout" singleContainerFullSize="true">
						<f:content>
							<core:Title text="{i18n>Bid}"></core:Title>
							<Switch id="idBidSwitch" change="onChangeBid" customTextOn="{i18n>Yes}" customTextOff="{i18n>No}" state="{ProductsFilter>/Bid}"></Switch>
						</f:content>
					</f:SimpleForm>
				</customControl>
			</ViewSettingsCustomItem>
		</filterItems>
	</ViewSettingsDialog>
</core:FragmentDefinition>