<core:FragmentDefinition xmlns="sap.m" xmlns:core="sap.ui.core" xmlns:l="sap.ui.layout" xmlns:mvc="sap.ui.core.mvc"
	xmlns:f="sap.ui.layout.form">
	<ResponsivePopover title="{i18n>Scales}" class="sapUiPopupWithPadding" placement="Bottom">
		<content>
			<Table inset="false" items="{/ScalesSet}" width="38em" class="sapUiSizeCompact">
				<columns>
					<Column minScreenWidth="Desktop" demandPopin="true">
						<Label text="{i18n>Old}"/>
					</Column>
					<Column minScreenWidth="Desktop" demandPopin="true">
						<Label text="{i18n>New}"/>
					</Column>
					<Column minScreenWidth="Desktop" demandPopin="true">
						<Label text="{i18n>ScaleUoM}"/>
					</Column>
					<Column minScreenWidth="Desktop" width="3em" demandPopin="true">
						<Label text=""/>
					</Column>
					<Column minScreenWidth="Desktop" demandPopin="true">
						<Label text="{i18n>Rate}"/>
					</Column>
					<Column minScreenWidth="Desktop" demandPopin="true">
						<Label text="{i18n>Currency}"/>
					</Column>
				</columns>
				<items>
					<ColumnListItem>
						<cells>
							<Text text="{path: 'FromScaleValue', formatter:'.formatter.formatFromNumber'}" textDirection="RTL"/>
							<Text text="{path: 'ToScaleValue', formatter:'.formatter.formatToNumber'}"/>
							<Text text="{Unit}" />
							<Text text="" />
							<Text text="{path: 'Rate', formatter:'.formatter.formatFromNumber'}"/>
							<Text text="{RateUnit}"/>
						</cells>
					</ColumnListItem>
				</items>
			</Table>
		</content>
	</ResponsivePopover>
</core:FragmentDefinition>