<core:FragmentDefinition xmlns="sap.m" xmlns:commons="sap.ui.commons" xmlns:core="sap.ui.core" xmlns:l="sap.ui.layout"
	xmlns:f="sap.ui.layout.form">
	<ViewSettingsDialog title="{i18n>Title}" class="text-centers" sortDescending="true" confirm="handleConfirm" cancel="handleCancel"
		resetFilters="onResetFilterValues">
		<sortItems>
			<ViewSettingsItem text="{i18n>ValidFrom}" key="ValidFrom" selected="true"/>
			<ViewSettingsItem text="{i18n>MasterAgrNum}" key="AgreementNumber"/>
			<ViewSettingsItem text="{i18n>H5Number}" key="BusinessPartnerNum"/>
			<ViewSettingsItem text="{i18n>Description}" key="Description"/>
			<ViewSettingsItem text="{i18n>ExtDescription}" key="ExternalDescription"/>
			<ViewSettingsItem text="{i18n>Owner}" key="OwnerFirstName"/>
		</sortItems>
		<filterItems>
			<ViewSettingsCustomItem filterCount="{filterModel>/OwnerFilterCount}" text="{i18n>Owner}">
				<customControl>
					<VBox class="sapUiSizeCompact">
						<SearchField search="handleOwnersearch"></SearchField>
						<List id="idOwnerList" updateFinished="onOwnerListUpdated" items="{path: '/PortfolioSet', templateSharable:true, length:10000}" mode="MultiSelect" >
							<items>
								<StandardListItem title="{EBSName}" info="{EBSID}"></StandardListItem>
							</items>
						</List>
					</VBox>
				</customControl>
			</ViewSettingsCustomItem>
			<ViewSettingsCustomItem filterCount="{filterModel>/ValidOnFilterCount}" text="{i18n>DateRange}">
				<customControl>
					<FlexBox direction="Column" class="sapUiSmallMargin">
						<Text text="{i18n>OnDate}" class="sapUiTinyMarginBottom text-size" />
						<DatePicker value="{path: 'filterModel>/validOn', type: 'sap.ui.model.type.DateTime', formatOptions: {pattern: 'dd MMM yyyy',UTC: true}}"/>
					</FlexBox>
				</customControl>
			</ViewSettingsCustomItem>
			<ViewSettingsCustomItem filterCount="{filterModel>/StatusFilterCount}" text="{i18n>Status}">
				<customControl>
					<FlexBox direction="Column" class="sapUiSmallMargin">
						<Text text="{i18n>Status}" class="sapUiTinyMarginBottom text-size"/>
						<MultiComboBox id="idStatusDropDownList" class="multicomboboxfont" selectedKeys="{filterModel>/Statuskey}" showButton="true"
								items="{StatusModel>/FieldProperties/KeyValueSet/results}">
								<core:Item key="{StatusModel>Key}" text="{StatusModel>Value}"/>
						</MultiComboBox>
					</FlexBox>
				</customControl>
			</ViewSettingsCustomItem>
		</filterItems>
	</ViewSettingsDialog>
</core:FragmentDefinition>